MONTH,AIRLINE,STATE,total_voos,total_atrasados
1,AA,AL,58,10
1,AA,AR,9,2
1,AA,AZ,769,113
1,AA,CA,4845,640
1,AA,CO,808,218
1,AA,CT,87,16
1,AA,FL,6492,1419
1,AA,GA,396,65
1,AA,HI,346,65
1,AA,IA,56,13
1,AA,IL,3812,961
1,AA,IN,152,28
1,AA,KS,60,7
1,AA,KY,26,8
1,AA,LA,242,36
1,AA,MA,812,130
1,AA,MD,216,51
1,AA,MI,236,37
1,AA,MN,349,73
1,AA,MO,635,99
1,AA,NC,709,69
1,AA,NE,145,12
1,AA,NJ,303,67
1,AA,NM,123,10
1,AA,NV,972,129
1,AA,NY,2389,487
1,AA,OH,305,57
1,AA,OK,419,52
1,AA,OR,113,13
1,AA,PA,377,72
1,AA,PR,371,78
1,AA,TN,364,55
1,AA,TX,14095,3123
1,AA,UT,173,36
1,AA,VA,1239,191
1,AA,VI,158,27
1,AA,WA,369,53
1,AA,WI,93,14
1,AA,WY,36,3
1,AS,AK,2346,266
1,AS,AZ,239,35
1,AS,CA,2780,285
1,AS,CO,124,13
1,AS,FL,125,18
1,AS,GA,31,10
1,AS,HI,714,118
1,AS,IL,100,22
1,AS,LA,31,3
1,AS,MA,105,31
1,AS,MD,31,6
1,AS,MI,31,8
1,AS,MN,35,5
1,AS,MO,62,5
1,AS,NJ,57,9
1,AS,NM,31,2
1,AS,NV,383,46
1,AS,OR,1126,114
1,AS,PA,31,12
1,AS,TX,198,23
1,AS,UT,211,10
1,AS,VA,120,13
1,AS,WA,4282,578
1,B6,AZ,57,15
1,B6,CA,1691,247
1,B6,CO,75,23
1,B6,CT,304,78
1,B6,FL,5101,1292
1,B6,GA,85,17
1,B6,IL,161,33
1,B6,LA,93,24
1,B6,MA,3086,597
1,B6,MD,115,20
1,B6,ME,82,16
1,B6,MI,84,6
1,B6,NC,305,58
1,B6,NJ,587,114
1,B6,NM,20,5
1,B6,NV,316,53
1,B6,NY,4757,1013
1,B6,OR,80,8
1,B6,PA,242,54
1,B6,PR,1112,258
1,B6,RI,88,8
1,B6,SC,142,22
1,B6,TX,294,61
1,B6,UT,141,34
1,B6,VA,1150,163
1,B6,VI,131,22
1,B6,VT,85,14
1,B6,WA,137,38
1,DL,AK,116,8
1,DL,AL,452,46
1,DL,AR,204,11
1,DL,AZ,658,58
1,DL,CA,3410,336
1,DL,CO,646,110
1,DL,CT,274,41
1,DL,FL,6565,694
1,DL,GA,18710,2254
1,DL,HI,417,46
1,DL,IA,77,5
1,DL,ID,87,2
1,DL,IL,784,109
1,DL,IN,411,42
1,DL,KS,71,9
1,DL,KY,743,49
1,DL,LA,636,68
1,DL,MA,1187,222
1,DL,MD,513,42
1,DL,ME,27,2
1,DL,MI,4117,631
1,DL,MN,4178,567
1,DL,MO,648,50
1,DL,MS,246,19
1,DL,MT,180,15
1,DL,NC,1149,101
1,DL,ND,90,4
1,DL,NE,163,7
1,DL,NH,33,2
1,DL,NJ,386,47
1,DL,NM,67,7
1,DL,NV,913,81
1,DL,NY,4453,990
1,DL,OH,658,53
1,DL,OK,217,12
1,DL,OR,338,29
1,DL,PA,875,113
1,DL,PR,290,38
1,DL,RI,78,4
1,DL,SC,481,40
1,DL,SD,30,4
1,DL,TN,892,73
1,DL,TX,1466,166
1,DL,UT,2675,303
1,DL,VA,1370,132
1,DL,VI,105,15
1,DL,WA,1022,147
1,DL,WI,556,49
1,DL,WV,27,2
1,DL,WY,52,13
1,EV,AL,1111,188
1,EV,AR,582,94
1,EV,AZ,102,19
1,EV,CO,1402,363
1,EV,CT,161,37
1,EV,FL,729,139
1,EV,GA,5890,1147
1,EV,IA,286,42
1,EV,IL,4296,1052
1,EV,IN,531,104
1,EV,KS,186,22
1,EV,KY,814,156
1,EV,LA,1816,315
1,EV,MA,170,31
1,EV,MD,21,8
1,EV,ME,11,4
1,EV,MI,2945,549
1,EV,MN,834,188
1,EV,MO,837,109
1,EV,MS,640,76
1,EV,NC,1403,238
1,EV,ND,396,68
1,EV,NE,419,60
1,EV,NH,98,17
1,EV,NJ,2391,493
1,EV,NM,164,20
1,EV,NY,1686,436
1,EV,OH,1460,203
1,EV,OK,610,55
1,EV,PA,758,142
1,EV,RI,226,40
1,EV,SC,833,149
1,EV,SD,311,48
1,EV,TN,1313,198
1,EV,TX,9379,1434
1,EV,UT,15,10
1,EV,VA,2362,526
1,EV,VT,146,29
1,EV,WI,741,121
1,EV,WV,148,35
1,F9,AZ,227,63
1,F9,CA,395,70
1,F9,CO,1933,412
1,F9,DE,26,7
1,F9,FL,1085,406
1,F9,GA,184,70
1,F9,IA,15,3
1,F9,ID,2,0
1,F9,IL,312,116
1,F9,IN,38,5
1,F9,KY,120,17
1,F9,LA,33,11
1,F9,MI,23,14
1,F9,MN,71,19
1,F9,MO,130,24
1,F9,MT,22,1
1,F9,NC,39,14
1,F9,ND,19,7
1,F9,NE,39,3
1,F9,NJ,227,78
1,F9,NV,227,52
1,F9,NY,58,32
1,F9,OH,284,74
1,F9,OK,25,4
1,F9,OR,49,12
1,F9,PA,138,53
1,F9,SD,25,7
1,F9,TN,61,14
1,F9,TX,304,71
1,F9,UT,154,38
1,F9,VA,318,89
1,F9,WA,50,13
1,F9,WI,107,28
1,HA,AS,10,1
1,HA,AZ,31,1
1,HA,CA,376,37
1,HA,HI,5800,501
1,HA,NV,75,7
1,HA,NY,29,3
1,HA,OR,31,1
1,HA,WA,62,2
1,MQ,AL,323,73
1,MQ,AR,802,188
1,MQ,CA,29,5
1,MQ,CO,214,68
1,MQ,CT,26,9
1,MQ,FL,1444,207
1,MQ,GA,208,56
1,MQ,IA,688,197
1,MQ,IL,5690,2081
1,MQ,IN,438,137
1,MQ,KS,169,30
1,MQ,KY,707,197
1,MQ,LA,490,96
1,MQ,MD,83,38
1,MQ,MI,895,303
1,MQ,MN,157,47
1,MQ,MO,653,166
1,MQ,MS,295,68
1,MQ,NC,474,121
1,MQ,ND,174,43
1,MQ,NE,107,25
1,MQ,NM,165,45
1,MQ,NY,1862,566
1,MQ,OH,856,276
1,MQ,OK,269,90
1,MQ,PA,52,20
1,MQ,SC,257,64
1,MQ,SD,110,39
1,MQ,TN,672,159
1,MQ,TX,8439,2175
1,MQ,VA,356,91
1,MQ,WI,508,127
1,NK,AZ,124,28
1,NK,CA,523,104
1,NK,CO,273,76
1,NK,FL,2154,502
1,NK,GA,246,61
1,NK,IL,761,245
1,NK,LA,153,30
1,NK,MA,118,26
1,NK,MD,155,15
1,NK,MI,692,213
1,NK,MN,340,120
1,NK,MO,131,37
1,NK,NJ,335,39
1,NK,NV,734,135
1,NK,NY,379,123
1,NK,OH,17,2
1,NK,OR,36,3
1,NK,PA,152,42
1,NK,PR,74,18
1,NK,SC,144,32
1,NK,TX,1073,213
1,NK,VI,31,12
1,OO,AL,35,6
1,OO,AR,88,20
1,OO,AZ,2460,320
1,OO,CA,14157,2759
1,OO,CO,4878,1528
1,OO,CT,7,2
1,OO,FL,10,4
1,OO,GA,300,90
1,OO,IA,309,90
1,OO,ID,878,183
1,OO,IL,3259,1089
1,OO,IN,395,96
1,OO,KS,232,69
1,OO,KY,385,64
1,OO,LA,36,5
1,OO,MA,28,6
1,OO,MD,1,1
1,OO,MI,1531,325
1,OO,MN,2295,374
1,OO,MO,342,85
1,OO,MT,734,86
1,OO,NC,127,23
1,OO,ND,772,175
1,OO,NE,311,61
1,OO,NM,269,40
1,OO,NV,575,110
1,OO,NY,34,12
1,OO,OH,176,48
1,OO,OK,265,49
1,OO,OR,1200,230
1,OO,PA,52,13
1,OO,SC,2,2
1,OO,SD,368,74
1,OO,TN,322,49
1,OO,TX,2372,549
1,OO,UT,4353,519
1,OO,VA,220,58
1,OO,WA,1313,307
1,OO,WI,1064,239
1,OO,WY,697,111
1,UA,AK,41,14
1,UA,AZ,542,99
1,UA,CA,7223,1412
1,UA,CO,3829,1284
1,UA,CT,69,16
1,UA,FL,2921,541
1,UA,GA,204,45
1,UA,GU,31,13
1,UA,HI,772,142
1,UA,IA,83,23
1,UA,ID,52,13
1,UA,IL,4251,1466
1,UA,IN,50,5
1,UA,KS,34,3
1,UA,LA,394,38
1,UA,MA,670,152
1,UA,MD,176,41
1,UA,MI,56,9
1,UA,MN,157,25
1,UA,MO,24,5
1,UA,MT,97,18
1,UA,NC,76,19
1,UA,NE,82,17
1,UA,NJ,3417,1032
1,UA,NV,1097,167
1,UA,NY,1124,226
1,UA,OH,714,86
1,UA,OK,25,0
1,UA,OR,376,63
1,UA,PA,449,84
1,UA,PR,188,78
1,UA,TX,5552,1316
1,UA,UT,135,32
1,UA,VA,1651,423
1,UA,VI,68,25
1,UA,WA,725,137
1,UA,WY,73,25
1,US,AK,25,0
1,US,AZ,4418,615
1,US,CA,1800,170
1,US,CO,369,45
1,US,CT,127,9
1,US,FL,3133,368
1,US,GA,500,51
1,US,HI,180,18
1,US,IA,1,0
1,US,ID,66,11
1,US,IL,612,97
1,US,IN,143,22
1,US,LA,180,24
1,US,MA,1272,170
1,US,MD,321,34
1,US,ME,29,4
1,US,MI,286,38
1,US,MN,356,43
1,US,MO,381,45
1,US,NC,7985,1129
1,US,NE,54,5
1,US,NJ,308,40
1,US,NV,574,40
1,US,NY,1373,212
1,US,OH,230,27
1,US,OR,149,9
1,US,PA,3764,666
1,US,PR,169,42
1,US,RI,95,7
1,US,SC,46,5
1,US,TN,205,12
1,US,TX,1038,132
1,US,UT,208,29
1,US,VA,1750,237
1,US,VI,69,21
1,US,WA,260,28
1,US,WI,54,8
1,VX,CA,2507,306
1,VX,FL,193,42
1,VX,IL,76,20
1,VX,MA,121,27
1,VX,NJ,138,27
1,VX,NV,337,58
1,VX,NY,426,78
1,VX,OR,30,0
1,VX,TX,406,77
1,VX,VA,225,40
1,VX,WA,192,27
1,WN,AL,397,58
1,WN,AR,210,42
1,WN,AZ,5148,1143
1,WN,CA,17023,3279
1,WN,CO,4623,1261
1,WN,CT,522,92
1,WN,FL,8885,1566
1,WN,GA,3610,849
1,WN,IA,90,16
1,WN,ID,270,48
1,WN,IL,6050,1551
1,WN,IN,813,128
1,WN,KS,137,22
1,WN,KY,325,49
1,WN,LA,1541,224
1,WN,MA,672,122
1,WN,MD,5131,1294
1,WN,ME,63,5
1,WN,MI,870,160
1,WN,MN,637,126
1,WN,MO,4084,795
1,WN,NC,903,153
1,WN,NE,437,80
1,WN,NH,311,44
1,WN,NJ,451,102
1,WN,NM,957,223
1,WN,NV,6462,1390
1,WN,NY,2155,467
1,WN,OH,1565,235
1,WN,OK,915,152
1,WN,OR,793,138
1,WN,PA,1439,231
1,WN,PR,290,46
1,WN,RI,462,90
1,WN,SC,295,41
1,WN,TN,2437,464
1,WN,TX,12653,2465
1,WN,UT,814,160
1,WN,VA,1703,217
1,WN,WA,1043,205
1,WN,WI,1089,184
2,AA,AL,48,9
2,AA,AZ,663,89
2,AA,CA,4244,554
2,AA,CO,688,137
2,AA,CT,73,13
2,AA,FL,5808,1071
2,AA,GA,339,39
2,AA,HI,307,52
2,AA,IA,50,14
2,AA,IL,3374,926
2,AA,IN,131,23
2,AA,KS,53,11
2,AA,KY,23,2
2,AA,LA,223,33
2,AA,MA,659,138
2,AA,MD,181,36
2,AA,MI,210,38
2,AA,MN,312,62
2,AA,MO,546,83
2,AA,NC,604,76
2,AA,NE,137,13
2,AA,NJ,273,44
2,AA,NM,117,24
2,AA,NV,832,105
2,AA,NY,2122,486
2,AA,OH,241,36
2,AA,OK,367,36
2,AA,OR,95,13
2,AA,PA,325,52
2,AA,PR,326,40
2,AA,TN,279,42
2,AA,TX,11886,2105
2,AA,UT,150,21
2,AA,VA,1028,174
2,AA,VI,145,25
2,AA,WA,314,27
2,AA,WI,78,11
2,AA,WY,30,1
2,AS,AK,2067,257
2,AS,AZ,235,23
2,AS,CA,2617,257
2,AS,CO,112,8
2,AS,FL,112,13
2,AS,GA,28,3
2,AS,HI,639,98
2,AS,IL,83,13
2,AS,LA,28,5
2,AS,MA,85,13
2,AS,MD,28,2
2,AS,MI,28,4
2,AS,MN,28,1
2,AS,MO,56,2
2,AS,NJ,48,3
2,AS,NM,28,0
2,AS,NV,356,34
2,AS,OR,1025,88
2,AS,PA,28,5
2,AS,TX,180,17
2,AS,UT,192,12
2,AS,VA,108,15
2,AS,WA,3970,480
2,B6,AZ,55,25
2,B6,CA,1555,356
2,B6,CO,72,36
2,B6,CT,272,101
2,B6,FL,4651,1698
2,B6,GA,78,27
2,B6,IL,134,49
2,B6,LA,90,34
2,B6,MA,2777,899
2,B6,MD,97,30
2,B6,ME,64,11
2,B6,MI,71,18
2,B6,NC,264,88
2,B6,NJ,521,133
2,B6,NM,16,4
2,B6,NV,289,81
2,B6,NY,4351,1356
2,B6,OR,72,7
2,B6,PA,192,64
2,B6,PR,937,283
2,B6,RI,76,20
2,B6,SC,128,38
2,B6,TX,252,76
2,B6,UT,121,35
2,B6,VA,994,267
2,B6,VI,120,37
2,B6,VT,80,13
2,B6,WA,126,33
2,DL,AK,102,12
2,DL,AL,391,50
2,DL,AR,180,28
2,DL,AZ,631,68
2,DL,CA,3059,459
2,DL,CO,590,129
2,DL,CT,257,46
2,DL,FL,6145,1158
2,DL,GA,17217,3090
2,DL,HI,363,65
2,DL,IA,78,13
2,DL,ID,80,5
2,DL,IL,717,184
2,DL,IN,355,63
2,DL,KS,63,8
2,DL,KY,735,109
2,DL,LA,667,124
2,DL,MA,1033,394
2,DL,MD,482,74
2,DL,ME,25,7
2,DL,MI,3850,1005
2,DL,MN,3933,686
2,DL,MO,619,74
2,DL,MS,235,31
2,DL,MT,180,10
2,DL,NC,1047,163
2,DL,ND,69,7
2,DL,NE,166,25
2,DL,NH,28,2
2,DL,NJ,364,76
2,DL,NM,50,7
2,DL,NV,855,126
2,DL,NY,4176,1666
2,DL,OH,628,94
2,DL,OK,194,28
2,DL,OR,290,21
2,DL,PA,820,145
2,DL,PR,255,53
2,DL,RI,76,10
2,DL,SC,484,54
2,DL,SD,37,5
2,DL,TN,781,133
2,DL,TX,1407,238
2,DL,UT,2535,299
2,DL,VA,1225,202
2,DL,VI,91,20
2,DL,WA,934,129
2,DL,WI,598,105
2,DL,WV,28,9
2,DL,WY,63,6
2,EV,AL,1047,181
2,EV,AR,539,104
2,EV,AZ,72,11
2,EV,CO,1149,300
2,EV,CT,95,16
2,EV,FL,605,115
2,EV,GA,5032,1082
2,EV,IA,282,66
2,EV,IL,4032,1275
2,EV,IN,489,123
2,EV,KS,138,22
2,EV,KY,679,147
2,EV,LA,1575,238
2,EV,MA,148,46
2,EV,MD,37,8
2,EV,ME,78,14
2,EV,MI,2619,657
2,EV,MN,677,188
2,EV,MO,690,130
2,EV,MS,533,66
2,EV,NC,1242,230
2,EV,ND,271,65
2,EV,NE,321,54
2,EV,NH,75,22
2,EV,NJ,2137,486
2,EV,NM,157,23
2,EV,NY,1709,527
2,EV,OH,1431,331
2,EV,OK,541,81
2,EV,PA,653,137
2,EV,RI,103,21
2,EV,SC,637,118
2,EV,SD,234,42
2,EV,TN,1098,218
2,EV,TX,8349,1042
2,EV,VA,1746,408
2,EV,VT,87,25
2,EV,WI,703,145
2,EV,WV,126,32
2,F9,AZ,205,67
2,F9,CA,330,92
2,F9,CO,1606,378
2,F9,DE,18,7
2,F9,FL,973,453
2,F9,GA,159,64
2,F9,IA,12,4
2,F9,IL,275,137
2,F9,IN,28,2
2,F9,KY,101,29
2,F9,LA,28,10
2,F9,MI,16,10
2,F9,MN,56,12
2,F9,MO,112,32
2,F9,MT,16,0
2,F9,NC,32,13
2,F9,ND,12,8
2,F9,NE,35,4
2,F9,NJ,193,90
2,F9,NV,213,85
2,F9,NY,53,31
2,F9,OH,229,101
2,F9,OK,22,6
2,F9,OR,40,12
2,F9,PA,121,37
2,F9,SD,16,8
2,F9,TN,43,9
2,F9,TX,232,58
2,F9,UT,127,37
2,F9,VA,260,98
2,F9,WA,36,13
2,F9,WI,102,21
2,HA,AS,8,2
2,HA,AZ,28,2
2,HA,CA,336,25
2,HA,HI,5232,505
2,HA,NV,68,6
2,HA,NY,20,3
2,HA,OR,28,3
2,HA,WA,56,5
2,MQ,AL,244,55
2,MQ,AR,674,192
2,MQ,CA,26,4
2,MQ,CO,147,44
2,MQ,CT,24,11
2,MQ,FL,1200,258
2,MQ,GA,202,56
2,MQ,IA,574,208
2,MQ,IL,4927,2026
2,MQ,IN,397,137
2,MQ,KS,154,28
2,MQ,KY,594,188
2,MQ,LA,407,89
2,MQ,MD,54,28
2,MQ,MI,736,275
2,MQ,MN,148,51
2,MQ,MO,552,151
2,MQ,MS,231,55
2,MQ,NC,396,132
2,MQ,ND,137,45
2,MQ,NE,92,36
2,MQ,NM,137,35
2,MQ,NY,1567,579
2,MQ,OH,738,254
2,MQ,OK,229,81
2,MQ,PA,86,31
2,MQ,SC,217,48
2,MQ,SD,108,41
2,MQ,TN,535,189
2,MQ,TX,6783,1672
2,MQ,VA,292,86
2,MQ,WI,445,111
2,NK,AZ,107,40
2,NK,CA,467,114
2,NK,CO,237,69
2,NK,FL,1933,511
2,NK,GA,218,41
2,NK,IL,684,280
2,NK,LA,136,28
2,NK,MA,104,43
2,NK,MD,142,22
2,NK,MI,632,225
2,NK,MN,304,105
2,NK,MO,113,30
2,NK,NJ,304,53
2,NK,NV,658,170
2,NK,NY,345,138
2,NK,OH,74,23
2,NK,OR,28,9
2,NK,PA,136,36
2,NK,PR,40,8
2,NK,SC,173,52
2,NK,TX,961,188
2,NK,VI,27,6
2,OO,AL,26,5
2,OO,AR,97,19
2,OO,AZ,2301,262
2,OO,CA,12715,2453
2,OO,CO,4730,1314
2,OO,CT,10,3
2,OO,FL,7,1
2,OO,GA,361,107
2,OO,IA,297,76
2,OO,ID,799,114
2,OO,IL,2842,1101
2,OO,IN,475,139
2,OO,KS,268,79
2,OO,KY,338,92
2,OO,LA,33,5
2,OO,MA,25,7
2,OO,MI,1352,315
2,OO,MN,2108,344
2,OO,MO,273,66
2,OO,MT,697,79
2,OO,NC,69,12
2,OO,ND,754,154
2,OO,NE,276,60
2,OO,NJ,1,1
2,OO,NM,256,35
2,OO,NV,552,94
2,OO,NY,18,6
2,OO,OH,153,40
2,OO,OK,256,47
2,OO,OR,1065,155
2,OO,PA,30,10
2,OO,SC,2,0
2,OO,SD,358,69
2,OO,TN,313,72
2,OO,TX,1920,386
2,OO,UT,3883,395
2,OO,VA,258,59
2,OO,WA,1242,144
2,OO,WI,911,239
2,OO,WY,515,82
2,UA,AK,30,4
2,UA,AZ,550,103
2,UA,CA,6644,1377
2,UA,CO,3620,1153
2,UA,CT,60,20
2,UA,FL,2860,597
2,UA,GA,209,50
2,UA,GU,28,7
2,UA,HI,684,149
2,UA,IA,46,15
2,UA,ID,46,4
2,UA,IL,3973,1592
2,UA,IN,45,10
2,UA,KS,25,3
2,UA,LA,482,71
2,UA,MA,631,234
2,UA,MD,178,51
2,UA,MI,63,23
2,UA,MN,156,29
2,UA,MO,20,4
2,UA,MT,104,28
2,UA,NC,54,18
2,UA,NE,77,15
2,UA,NJ,3324,1135
2,UA,NV,1030,216
2,UA,NY,1056,279
2,UA,OH,653,109
2,UA,OK,27,4
2,UA,OR,312,50
2,UA,PA,436,88
2,UA,PR,144,54
2,UA,TX,5237,1228
2,UA,UT,135,24
2,UA,VA,1493,360
2,UA,VI,58,19
2,UA,WA,658,121
2,UA,WY,81,28
2,US,AK,24,2
2,US,AZ,3916,659
2,US,CA,1546,215
2,US,CO,325,59
2,US,CT,105,17
2,US,FL,2823,491
2,US,GA,440,47
2,US,HI,149,7
2,US,ID,55,9
2,US,IL,537,107
2,US,IN,125,16
2,US,LA,139,16
2,US,MA,1170,311
2,US,MD,282,41
2,US,ME,23,5
2,US,MI,214,38
2,US,MN,324,42
2,US,MO,310,53
2,US,NC,6723,1230
2,US,NE,50,6
2,US,NJ,271,39
2,US,NV,522,69
2,US,NY,1276,313
2,US,OH,210,25
2,US,OR,126,12
2,US,PA,3429,761
2,US,PR,145,43
2,US,RI,78,16
2,US,SC,20,2
2,US,TN,165,26
2,US,TX,918,117
2,US,UT,202,30
2,US,VA,1578,323
2,US,VI,58,14
2,US,WA,250,31
2,US,WI,51,6
2,VX,CA,2207,368
2,VX,FL,172,43
2,VX,IL,63,14
2,VX,MA,99,22
2,VX,NJ,123,19
2,VX,NV,297,74
2,VX,NY,370,71
2,VX,OR,28,0
2,VX,TX,354,78
2,VX,VA,189,37
2,VX,WA,166,34
2,WN,AL,348,52
2,WN,AR,176,26
2,WN,AZ,4602,977
2,WN,CA,15281,3184
2,WN,CO,4094,1065
2,WN,CT,442,61
2,WN,FL,8009,1550
2,WN,GA,3170,664
2,WN,IA,77,10
2,WN,ID,242,26
2,WN,IL,5189,1294
2,WN,IN,724,131
2,WN,KS,119,18
2,WN,KY,285,46
2,WN,LA,1395,215
2,WN,MA,550,180
2,WN,MD,4420,1232
2,WN,ME,53,9
2,WN,MI,772,146
2,WN,MN,562,105
2,WN,MO,3572,744
2,WN,NC,747,125
2,WN,NE,391,76
2,WN,NH,263,40
2,WN,NJ,392,63
2,WN,NM,819,167
2,WN,NV,5756,1292
2,WN,NY,1908,423
2,WN,OH,1368,240
2,WN,OK,804,135
2,WN,OR,683,104
2,WN,PA,1305,220
2,WN,PR,243,31
2,WN,RI,396,93
2,WN,SC,246,29
2,WN,TN,1980,359
2,WN,TX,11273,2169
2,WN,UT,739,144
2,WN,VA,1473,156
2,WN,WA,906,147
2,WN,WI,944,177
3,AA,AL,61,7
3,AA,AZ,799,128
3,AA,CA,5051,783
3,AA,CO,837,157
3,AA,CT,92,9
3,AA,FL,6832,1424
3,AA,GA,476,76
3,AA,HI,411,70
3,AA,IA,63,14
3,AA,IL,4214,980
3,AA,IN,167,35
3,AA,KS,51,5
3,AA,KY,25,3
3,AA,LA,292,49
3,AA,MA,858,145
3,AA,MD,203,48
3,AA,MI,233,37
3,AA,MN,377,68
3,AA,MO,665,87
3,AA,NC,717,121
3,AA,NE,175,21
3,AA,NJ,295,41
3,AA,NM,152,21
3,AA,NV,957,166
3,AA,NY,2444,471
3,AA,OH,300,40
3,AA,OK,406,61
3,AA,OR,120,13
3,AA,PA,409,89
3,AA,PR,354,55
3,AA,TN,363,59
3,AA,TX,14083,3316
3,AA,UT,207,41
3,AA,VA,1207,242
3,AA,VI,177,32
3,AA,WA,365,41
3,AA,WI,67,19
3,AA,WY,33,5
3,AS,AK,2407,337
3,AS,AZ,277,21
3,AS,CA,3024,297
3,AS,CO,145,5
3,AS,FL,124,19
3,AS,GA,31,2
3,AS,HI,786,133
3,AS,IL,158,22
3,AS,LA,31,1
3,AS,MA,119,10
3,AS,MD,31,8
3,AS,MI,31,0
3,AS,MN,54,3
3,AS,MO,62,5
3,AS,NJ,58,8
3,AS,NM,31,2
3,AS,NV,405,49
3,AS,OR,1141,132
3,AS,PA,30,3
3,AS,TX,213,30
3,AS,UT,189,21
3,AS,VA,144,11
3,AS,WA,4746,621
3,B6,AZ,62,19
3,B6,CA,1805,378
3,B6,CO,88,36
3,B6,CT,322,67
3,B6,FL,5439,1608
3,B6,GA,89,27
3,B6,IL,179,58
3,B6,LA,98,26
3,B6,MA,3626,758
3,B6,MD,144,26
3,B6,ME,87,16
3,B6,MI,89,19
3,B6,NC,353,81
3,B6,NJ,599,126
3,B6,NM,21,7
3,B6,NV,334,80
3,B6,NY,5053,1309
3,B6,OR,79,11
3,B6,PA,286,57
3,B6,PR,1057,258
3,B6,RI,93,20
3,B6,SC,156,29
3,B6,TX,345,102
3,B6,UT,124,34
3,B6,VA,1237,208
3,B6,VI,128,31
3,B6,VT,88,12
3,B6,WA,151,50
3,DL,AK,111,17
3,DL,AL,518,64
3,DL,AR,211,25
3,DL,AZ,820,88
3,DL,CA,3913,642
3,DL,CO,774,120
3,DL,CT,329,31
3,DL,FL,7781,1134
3,DL,GA,21239,3165
3,DL,HI,418,79
3,DL,IA,90,7
3,DL,ID,114,3
3,DL,IL,842,160
3,DL,IN,415,49
3,DL,KS,72,9
3,DL,KY,989,91
3,DL,LA,884,149
3,DL,MA,1446,274
3,DL,MD,631,89
3,DL,ME,31,3
3,DL,MI,4811,748
3,DL,MN,4859,630
3,DL,MO,844,93
3,DL,MS,228,28
3,DL,MT,242,12
3,DL,NC,1275,145
3,DL,ND,89,4
3,DL,NE,174,9
3,DL,NH,31,1
3,DL,NJ,412,54
3,DL,NM,62,6
3,DL,NV,1057,132
3,DL,NY,5273,1532
3,DL,OH,755,87
3,DL,OK,178,19
3,DL,OR,448,57
3,DL,PA,989,132
3,DL,PR,291,57
3,DL,RI,88,8
3,DL,SC,535,30
3,DL,SD,31,0
3,DL,TN,955,150
3,DL,TX,1724,234
3,DL,UT,3169,384
3,DL,VA,1474,202
3,DL,VI,101,11
3,DL,WA,1121,167
3,DL,WI,670,63
3,DL,WV,31,8
3,DL,WY,97,4
3,EV,AL,1222,202
3,EV,AR,720,124
3,EV,AZ,77,10
3,EV,CO,1557,190
3,EV,CT,154,19
3,EV,FL,927,161
3,EV,GA,6431,1304
3,EV,IA,296,43
3,EV,IL,5174,863
3,EV,IN,687,102
3,EV,KS,221,34
3,EV,KY,823,113
3,EV,LA,2054,384
3,EV,MA,211,32
3,EV,MD,24,0
3,EV,ME,80,19
3,EV,MI,3062,476
3,EV,MN,842,152
3,EV,MO,918,149
3,EV,MS,700,111
3,EV,MT,24,1
3,EV,NC,1454,235
3,EV,ND,395,47
3,EV,NE,359,41
3,EV,NH,214,38
3,EV,NJ,2685,577
3,EV,NM,194,21
3,EV,NY,1781,398
3,EV,OH,1549,260
3,EV,OK,775,111
3,EV,PA,677,104
3,EV,RI,154,30
3,EV,SC,1043,185
3,EV,SD,252,40
3,EV,TN,1378,246
3,EV,TX,10119,1858
3,EV,UT,18,3
3,EV,VA,1647,299
3,EV,VT,141,27
3,EV,WI,823,91
3,EV,WV,193,45
3,F9,AZ,217,74
3,F9,CA,359,76
3,F9,CO,1899,428
3,F9,DE,26,12
3,F9,FL,1130,476
3,F9,GA,282,115
3,F9,IA,13,6
3,F9,IL,355,137
3,F9,IN,50,11
3,F9,KY,122,48
3,F9,LA,33,14
3,F9,MI,18,10
3,F9,MN,91,11
3,F9,MO,126,31
3,F9,MT,19,3
3,F9,NC,60,20
3,F9,ND,14,4
3,F9,NE,43,7
3,F9,NJ,229,64
3,F9,NV,284,84
3,F9,NY,87,37
3,F9,OH,267,98
3,F9,OK,5,5
3,F9,OR,58,12
3,F9,PA,190,63
3,F9,SD,17,4
3,F9,TN,48,8
3,F9,TX,298,83
3,F9,UT,123,42
3,F9,VA,264,81
3,F9,WA,55,7
3,F9,WI,107,21
3,HA,AS,9,4
3,HA,AZ,31,2
3,HA,CA,369,28
3,HA,HI,5701,379
3,HA,NV,75,12
3,HA,NY,22,2
3,HA,OR,31,4
3,HA,WA,62,4
3,MQ,AL,283,73
3,MQ,AR,802,206
3,MQ,CA,29,4
3,MQ,CO,173,52
3,MQ,CT,25,3
3,MQ,FL,1018,197
3,MQ,GA,199,63
3,MQ,IA,704,130
3,MQ,IL,5949,1269
3,MQ,IN,483,89
3,MQ,KS,195,30
3,MQ,KY,700,152
3,MQ,LA,361,81
3,MQ,MD,55,22
3,MQ,MI,832,138
3,MQ,MN,124,21
3,MQ,MO,680,155
3,MQ,MS,272,76
3,MQ,NC,487,138
3,MQ,ND,176,31
3,MQ,NE,116,12
3,MQ,NM,174,35
3,MQ,NY,1841,514
3,MQ,OH,875,212
3,MQ,OK,276,62
3,MQ,PA,132,23
3,MQ,SC,188,45
3,MQ,SD,126,25
3,MQ,TN,710,194
3,MQ,TX,7229,1871
3,MQ,VA,352,85
3,MQ,WI,549,62
3,NK,AZ,122,34
3,NK,CA,551,112
3,NK,CO,306,66
3,NK,FL,2244,487
3,NK,GA,247,48
3,NK,IL,794,270
3,NK,LA,152,22
3,NK,MA,162,31
3,NK,MD,171,32
3,NK,MI,744,190
3,NK,MN,337,93
3,NK,MO,129,25
3,NK,NJ,359,54
3,NK,NV,767,159
3,NK,NY,378,117
3,NK,OH,152,38
3,NK,OR,30,3
3,NK,PA,173,34
3,NK,PR,43,10
3,NK,SC,254,56
3,NK,TX,1110,187
3,NK,VI,31,8
3,NK,WV,5,2
3,OO,AL,7,2
3,OO,AR,122,21
3,OO,AZ,2743,300
3,OO,CA,14000,2365
3,OO,CO,5496,914
3,OO,FL,22,4
3,OO,GA,347,64
3,OO,IA,291,47
3,OO,ID,919,92
3,OO,IL,3195,627
3,OO,IN,598,99
3,OO,KS,286,41
3,OO,KY,365,49
3,OO,LA,66,6
3,OO,MA,20,4
3,OO,MI,1658,213
3,OO,MN,2419,263
3,OO,MO,285,38
3,OO,MT,759,55
3,OO,NC,146,30
3,OO,ND,782,84
3,OO,NE,378,50
3,OO,NJ,1,0
3,OO,NM,343,33
3,OO,NV,700,121
3,OO,NY,13,3
3,OO,OH,183,27
3,OO,OK,320,44
3,OO,OR,1320,151
3,OO,PA,33,5
3,OO,SC,35,7
3,OO,SD,391,29
3,OO,TN,396,59
3,OO,TX,2491,439
3,OO,UT,4709,410
3,OO,VA,241,46
3,OO,WA,1508,165
3,OO,WI,1348,185
3,OO,WY,598,45
3,UA,AK,58,26
3,UA,AZ,651,107
3,UA,CA,7882,1559
3,UA,CO,4273,983
3,UA,CT,38,6
3,UA,FL,3517,717
3,UA,GA,295,46
3,UA,GU,30,9
3,UA,HI,870,193
3,UA,IA,57,7
3,UA,ID,44,6
3,UA,IL,5667,1659
3,UA,IN,77,7
3,UA,KS,26,3
3,UA,LA,472,76
3,UA,MA,968,207
3,UA,MD,239,42
3,UA,MI,85,12
3,UA,MN,263,46
3,UA,MO,27,4
3,UA,MT,127,23
3,UA,NC,51,14
3,UA,NE,85,13
3,UA,NJ,4004,1369
3,UA,NV,1112,176
3,UA,NY,1170,271
3,UA,OH,735,111
3,UA,OK,4,0
3,UA,OR,331,40
3,UA,PA,563,91
3,UA,PR,210,59
3,UA,TX,5791,1525
3,UA,UT,203,37
3,UA,VA,1967,487
3,UA,VI,77,26
3,UA,WA,835,140
3,UA,WI,48,4
3,UA,WY,110,13
3,US,AK,25,3
3,US,AZ,4808,650
3,US,CA,1826,222
3,US,CO,408,46
3,US,CT,137,10
3,US,FL,3295,420
3,US,GA,493,55
3,US,HI,198,14
3,US,ID,63,6
3,US,IL,615,92
3,US,IN,154,12
3,US,LA,173,17
3,US,MA,1484,212
3,US,MD,341,37
3,US,ME,30,1
3,US,MI,254,16
3,US,MN,353,50
3,US,MO,377,32
3,US,NC,7910,1199
3,US,NE,62,3
3,US,NJ,356,39
3,US,NM,10,1
3,US,NV,611,58
3,US,NY,1504,280
3,US,OH,246,31
3,US,OR,161,11
3,US,PA,3838,721
3,US,PR,174,43
3,US,RI,104,15
3,US,SC,4,0
3,US,TN,193,11
3,US,TX,1069,132
3,US,UT,219,16
3,US,VA,1791,297
3,US,VI,65,14
3,US,WA,320,24
3,US,WI,61,2
3,VX,CA,2590,434
3,VX,FL,196,38
3,VX,IL,102,16
3,VX,MA,129,20
3,VX,NJ,163,16
3,VX,NV,340,73
3,VX,NY,435,88
3,VX,OR,31,2
3,VX,TX,412,100
3,VX,VA,222,30
3,VX,WA,196,37
3,WN,AL,383,64
3,WN,AR,205,39
3,WN,AZ,5764,1311
3,WN,CA,17629,3530
3,WN,CO,5084,974
3,WN,CT,592,102
3,WN,FL,11036,2153
3,WN,GA,3606,880
3,WN,IA,92,18
3,WN,ID,268,31
3,WN,IL,6715,1542
3,WN,IN,1001,167
3,WN,KS,144,26
3,WN,KY,351,52
3,WN,LA,1650,256
3,WN,MA,771,159
3,WN,MD,5591,1556
3,WN,ME,81,12
3,WN,MI,966,141
3,WN,MN,665,89
3,WN,MO,4516,769
3,WN,NC,976,165
3,WN,NE,501,67
3,WN,NH,357,55
3,WN,NJ,465,91
3,WN,NM,964,223
3,WN,NV,6888,1587
3,WN,NY,2542,508
3,WN,OH,1831,265
3,WN,OK,910,130
3,WN,OR,881,145
3,WN,PA,1616,283
3,WN,PR,276,41
3,WN,RI,589,114
3,WN,SC,321,56
3,WN,TN,2738,492
3,WN,TX,13122,2678
3,WN,UT,825,142
3,WN,VA,1731,239
3,WN,WA,1114,190
3,WN,WI,1340,214
4,AA,AL,45,6
4,AA,AZ,704,108
4,AA,CA,4979,700
4,AA,CO,604,96
4,AA,CT,103,8
4,AA,FL,6503,1190
4,AA,GA,465,53
4,AA,HI,397,39
4,AA,IA,62,7
4,AA,IL,4524,962
4,AA,IN,171,18
4,AA,KY,26,5
4,AA,LA,267,45
4,AA,MA,910,107
4,AA,MD,236,29
4,AA,MI,257,33
4,AA,MN,339,50
4,AA,MO,745,108
4,AA,NC,728,132
4,AA,NE,133,17
4,AA,NJ,358,32
4,AA,NM,177,32
4,AA,NV,877,113
4,AA,NY,2513,398
4,AA,OH,360,55
4,AA,OK,377,57
4,AA,OR,119,16
4,AA,PA,587,70
4,AA,PR,334,44
4,AA,TN,486,82
4,AA,TX,13960,3236
4,AA,UT,208,41
4,AA,VA,1207,183
4,AA,VI,170,16
4,AA,WA,386,47
4,AA,WI,92,19
4,AA,WY,7,0
4,AS,AK,2318,219
4,AS,AZ,270,8
4,AS,CA,2962,207
4,AS,CO,146,14
4,AS,FL,119,18
4,AS,GA,30,2
4,AS,HI,739,42
4,AS,IL,175,17
4,AS,LA,30,8
4,AS,MA,120,15
4,AS,MD,30,8
4,AS,MI,30,4
4,AS,MN,59,9
4,AS,MO,60,2
4,AS,NJ,60,4
4,AS,NM,30,1
4,AS,NV,394,32
4,AS,OR,1097,81
4,AS,PA,30,4
4,AS,TX,207,26
4,AS,UT,176,18
4,AS,VA,150,10
4,AS,WA,4677,393
4,B6,AZ,59,20
4,B6,CA,1819,304
4,B6,CO,85,26
4,B6,CT,312,41
4,B6,FL,5331,1031
4,B6,GA,90,22
4,B6,IL,175,32
4,B6,LA,119,26
4,B6,MA,3580,592
4,B6,MD,140,21
4,B6,ME,86,12
4,B6,MI,87,10
4,B6,NC,344,71
4,B6,NJ,588,76
4,B6,NM,21,5
4,B6,NV,325,75
4,B6,NY,5030,936
4,B6,OH,3,1
4,B6,OR,82,7
4,B6,PA,283,47
4,B6,PR,1053,164
4,B6,RI,90,13
4,B6,SC,158,27
4,B6,TX,300,42
4,B6,UT,132,25
4,B6,VA,1232,127
4,B6,VI,123,15
4,B6,VT,88,14
4,B6,WA,146,27
4,DL,AK,113,4
4,DL,AL,471,51
4,DL,AR,205,12
4,DL,AZ,740,71
4,DL,CA,3818,457
4,DL,CO,669,83
4,DL,CT,374,34
4,DL,FL,7103,865
4,DL,GA,20581,2697
4,DL,HI,399,43
4,DL,IA,91,7
4,DL,ID,114,6
4,DL,IL,871,132
4,DL,IN,467,40
4,DL,KS,64,8
4,DL,KY,921,85
4,DL,LA,713,105
4,DL,MA,1425,210
4,DL,MD,611,52
4,DL,ME,54,5
4,DL,MI,5039,637
4,DL,MN,4948,505
4,DL,MO,877,64
4,DL,MS,267,22
4,DL,MT,207,11
4,DL,NC,1313,143
4,DL,ND,86,4
4,DL,NE,195,18
4,DL,NH,30,0
4,DL,NJ,470,42
4,DL,NM,96,3
4,DL,NV,1017,94
4,DL,NY,5156,966
4,DL,OH,713,48
4,DL,OK,171,20
4,DL,OR,403,34
4,DL,PA,1007,116
4,DL,PR,282,22
4,DL,RI,129,10
4,DL,SC,578,59
4,DL,SD,30,0
4,DL,TN,1022,117
4,DL,TX,1716,242
4,DL,UT,2866,333
4,DL,VA,1560,186
4,DL,VI,95,11
4,DL,WA,1174,110
4,DL,WI,731,50
4,DL,WV,29,2
4,DL,WY,12,0
4,EV,AL,1109,151
4,EV,AR,663,90
4,EV,AZ,55,4
4,EV,CO,999,139
4,EV,CT,98,10
4,EV,FL,931,147
4,EV,GA,6057,1052
4,EV,IA,317,27
4,EV,IL,4734,591
4,EV,IN,575,72
4,EV,KS,232,30
4,EV,KY,747,115
4,EV,LA,2169,418
4,EV,MA,226,35
4,EV,MD,22,1
4,EV,ME,113,20
4,EV,MI,2665,347
4,EV,MN,878,144
4,EV,MO,850,117
4,EV,MS,757,112
4,EV,MT,13,1
4,EV,NC,1257,191
4,EV,ND,278,21
4,EV,NE,451,37
4,EV,NH,177,18
4,EV,NJ,2724,438
4,EV,NM,197,23
4,EV,NY,1712,273
4,EV,OH,1420,149
4,EV,OK,549,69
4,EV,PA,587,63
4,EV,RI,98,17
4,EV,SC,1111,170
4,EV,SD,162,14
4,EV,TN,1278,194
4,EV,TX,9582,1478
4,EV,UT,5,2
4,EV,VA,1443,206
4,EV,VT,166,23
4,EV,WI,768,75
4,EV,WV,192,33
4,F9,AZ,202,49
4,F9,CA,391,68
4,F9,CO,1972,368
4,F9,DE,25,9
4,F9,FL,1052,268
4,F9,GA,320,108
4,F9,IA,21,4
4,F9,IL,379,104
4,F9,IN,53,15
4,F9,KY,126,39
4,F9,LA,34,7
4,F9,MI,22,3
4,F9,MN,95,10
4,F9,MO,121,13
4,F9,MT,16,0
4,F9,NC,82,20
4,F9,ND,22,5
4,F9,NE,37,10
4,F9,NJ,233,24
4,F9,NV,304,65
4,F9,NY,87,26
4,F9,OH,264,54
4,F9,OR,73,10
4,F9,PA,225,60
4,F9,SD,18,5
4,F9,TN,63,13
4,F9,TX,330,83
4,F9,UT,135,25
4,F9,VA,262,42
4,F9,WA,58,10
4,F9,WI,88,15
4,HA,AS,8,2
4,HA,AZ,30,1
4,HA,CA,360,19
4,HA,HI,5500,175
4,HA,NV,73,7
4,HA,NY,21,0
4,HA,OR,30,1
4,HA,WA,60,0
4,MQ,AL,298,55
4,MQ,AR,697,157
4,MQ,CA,5,0
4,MQ,CO,128,20
4,MQ,FL,810,143
4,MQ,GA,159,40
4,MQ,IA,627,72
4,MQ,IL,5872,863
4,MQ,IN,492,60
4,MQ,KS,262,39
4,MQ,KY,661,98
4,MQ,LA,263,46
4,MQ,MD,57,10
4,MQ,MI,771,104
4,MQ,MN,118,9
4,MQ,MO,686,133
4,MQ,MS,166,32
4,MQ,NC,521,96
4,MQ,ND,169,17
4,MQ,NE,137,13
4,MQ,NM,192,40
4,MQ,NY,1920,341
4,MQ,OH,911,123
4,MQ,OK,362,64
4,MQ,PA,100,17
4,MQ,SC,146,19
4,MQ,SD,177,30
4,MQ,TN,742,130
4,MQ,TX,6649,1510
4,MQ,VA,286,48
4,MQ,WI,453,44
4,NK,AZ,88,27
4,NK,CA,611,110
4,NK,CO,340,63
4,NK,FL,1923,348
4,NK,GA,256,70
4,NK,IL,874,244
4,NK,LA,149,32
4,NK,MA,210,36
4,NK,MD,232,45
4,NK,MI,690,123
4,NK,MN,311,64
4,NK,MO,134,25
4,NK,NJ,359,37
4,NK,NV,773,171
4,NK,NY,380,73
4,NK,OH,180,25
4,NK,OR,60,9
4,NK,PA,204,46
4,NK,PR,60,9
4,NK,SC,327,69
4,NK,TX,1230,290
4,NK,VI,30,6
4,NK,WV,11,2
4,OO,AL,44,12
4,OO,AR,169,21
4,OO,AZ,2817,323
4,OO,CA,12953,1935
4,OO,CO,4805,748
4,OO,CT,51,5
4,OO,FL,44,10
4,OO,GA,330,49
4,OO,IA,257,39
4,OO,ID,827,80
4,OO,IL,3646,660
4,OO,IN,619,81
4,OO,KS,262,36
4,OO,KY,495,79
4,OO,LA,59,5
4,OO,MA,54,12
4,OO,MI,1802,186
4,OO,MN,2557,205
4,OO,MO,350,62
4,OO,MT,741,46
4,OO,NC,118,19
4,OO,ND,888,85
4,OO,NE,331,28
4,OO,NM,342,39
4,OO,NV,629,77
4,OO,NY,17,0
4,OO,OH,228,26
4,OO,OK,355,46
4,OO,OR,1258,151
4,OO,PA,76,8
4,OO,SC,59,14
4,OO,SD,382,32
4,OO,TN,413,52
4,OO,TX,2930,513
4,OO,UT,4524,422
4,OO,VA,184,24
4,OO,WA,1327,143
4,OO,WI,1124,143
4,OO,WY,548,44
4,UA,AK,54,8
4,UA,AZ,531,101
4,UA,CA,7746,1501
4,UA,CO,3742,902
4,UA,CT,27,3
4,UA,FL,3153,560
4,UA,GA,328,82
4,UA,GU,30,9
4,UA,HI,802,111
4,UA,IA,53,8
4,UA,ID,50,7
4,UA,IL,5207,1268
4,UA,IN,91,15
4,UA,KS,26,1
4,UA,KY,3,0
4,UA,LA,472,98
4,UA,MA,997,152
4,UA,MD,264,60
4,UA,MI,96,21
4,UA,MN,263,45
4,UA,MO,28,2
4,UA,MT,64,7
4,UA,NC,74,18
4,UA,NE,83,9
4,UA,NJ,4045,1036
4,UA,NV,1122,191
4,UA,NY,1189,149
4,UA,OH,653,82
4,UA,OK,23,1
4,UA,OR,391,58
4,UA,PA,570,92
4,UA,PR,203,54
4,UA,SC,1,0
4,UA,TX,5362,1488
4,UA,UT,98,16
4,UA,VA,2179,420
4,UA,VI,75,16
4,UA,WA,829,116
4,UA,WI,28,1
4,UA,WY,20,6
4,US,AK,30,3
4,US,AZ,4552,578
4,US,CA,1898,213
4,US,CO,362,35
4,US,CT,134,12
4,US,FL,3065,344
4,US,GA,431,51
4,US,HI,155,8
4,US,ID,63,4
4,US,IL,501,44
4,US,IN,150,13
4,US,KY,2,0
4,US,LA,186,40
4,US,MA,1505,164
4,US,MD,297,30
4,US,ME,30,7
4,US,MI,252,17
4,US,MN,319,38
4,US,MO,376,47
4,US,NC,7544,1170
4,US,NE,61,6
4,US,NJ,360,39
4,US,NM,9,1
4,US,NV,589,57
4,US,NY,1540,206
4,US,OH,243,27
4,US,OR,148,10
4,US,PA,3612,509
4,US,PR,199,27
4,US,RI,104,11
4,US,TN,169,20
4,US,TX,1008,126
4,US,UT,193,12
4,US,VA,1804,212
4,US,VI,66,17
4,US,WA,284,18
4,US,WI,59,4
4,VX,CA,2608,344
4,VX,FL,196,24
4,VX,IL,109,13
4,VX,MA,124,15
4,VX,NJ,164,15
4,VX,NV,328,51
4,VX,NY,433,57
4,VX,OR,30,5
4,VX,TX,440,59
4,VX,VA,257,16
4,VX,WA,212,34
4,WN,AL,369,53
4,WN,AR,209,38
4,WN,AZ,5455,1263
4,WN,CA,17712,3530
4,WN,CO,4979,968
4,WN,CT,591,65
4,WN,FL,9662,1583
4,WN,GA,3542,762
4,WN,IA,89,8
4,WN,ID,255,38
4,WN,IL,6932,1286
4,WN,IN,929,105
4,WN,KS,139,19
4,WN,KY,369,56
4,WN,LA,1635,279
4,WN,MA,844,161
4,WN,MD,5952,1202
4,WN,ME,85,5
4,WN,MI,913,124
4,WN,MN,628,108
4,WN,MO,4445,772
4,WN,NC,989,129
4,WN,NE,487,61
4,WN,NH,430,45
4,WN,NJ,491,70
4,WN,NM,990,169
4,WN,NV,6853,1538
4,WN,NY,2525,376
4,WN,OH,1772,178
4,WN,OK,879,135
4,WN,OR,897,125
4,WN,PA,1545,210
4,WN,PR,266,27
4,WN,RI,578,54
4,WN,SC,329,64
4,WN,TN,2767,460
4,WN,TX,13194,2733
4,WN,UT,793,103
4,WN,VA,1802,203
4,WN,WA,1207,174
4,WN,WI,1258,186
5,AA,AL,10,0
5,AA,AR,4,0
5,AA,AZ,661,72
5,AA,CA,4983,695
5,AA,CO,555,68
5,AA,CT,114,11
5,AA,FL,6418,1240
5,AA,GA,460,66
5,AA,HI,432,59
5,AA,IA,61,5
5,AA,IL,4481,892
5,AA,IN,175,26
5,AA,KY,29,7
5,AA,LA,259,42
5,AA,MA,952,124
5,AA,MD,239,49
5,AA,MI,234,39
5,AA,MN,346,47
5,AA,MO,724,120
5,AA,NC,714,112
5,AA,NE,137,19
5,AA,NJ,336,24
5,AA,NM,176,27
5,AA,NV,910,115
5,AA,NY,2508,383
5,AA,OH,335,61
5,AA,OK,329,46
5,AA,OR,147,18
5,AA,PA,539,86
5,AA,PR,345,47
5,AA,TN,451,102
5,AA,TX,13624,3250
5,AA,UT,201,36
5,AA,VA,1256,206
5,AA,VI,175,41
5,AA,WA,419,54
5,AA,WI,87,12
5,AS,AK,2641,191
5,AS,AZ,248,13
5,AS,CA,3071,273
5,AS,CO,155,11
5,AS,FL,126,22
5,AS,GA,31,8
5,AS,HI,660,50
5,AS,IL,179,18
5,AS,LA,30,8
5,AS,MA,145,9
5,AS,MD,31,3
5,AS,MI,31,5
5,AS,MN,62,4
5,AS,MO,62,8
5,AS,NJ,62,2
5,AS,NM,31,1
5,AS,NV,410,20
5,AS,OR,1100,110
5,AS,PA,31,3
5,AS,TX,216,47
5,AS,UT,184,12
5,AS,VA,155,11
5,AS,WA,4976,418
5,B6,AK,34,2
5,B6,AZ,62,25
5,B6,CA,2001,380
5,B6,CO,86,16
5,B6,CT,278,25
5,B6,FL,4835,796
5,B6,GA,93,16
5,B6,IL,237,64
5,B6,LA,122,32
5,B6,MA,3667,485
5,B6,MD,179,14
5,B6,ME,120,25
5,B6,MI,124,18
5,B6,NC,386,59
5,B6,NJ,535,47
5,B6,NM,28,5
5,B6,NV,425,82
5,B6,NY,5333,770
5,B6,OH,93,12
5,B6,OR,117,9
5,B6,PA,299,37
5,B6,PR,998,160
5,B6,RI,93,9
5,B6,SC,164,22
5,B6,TX,334,77
5,B6,UT,124,25
5,B6,VA,1260,146
5,B6,VI,97,11
5,B6,VT,91,18
5,B6,WA,178,28
5,DL,AK,246,23
5,DL,AL,471,47
5,DL,AR,204,12
5,DL,AZ,692,62
5,DL,CA,4037,520
5,DL,CO,674,82
5,DL,CT,395,37
5,DL,FL,6975,810
5,DL,GA,21206,3115
5,DL,HI,411,56
5,DL,IA,93,12
5,DL,ID,84,1
5,DL,IL,940,134
5,DL,IN,501,47
5,DL,KS,57,5
5,DL,KY,886,88
5,DL,LA,739,107
5,DL,MA,1442,227
5,DL,MD,619,88
5,DL,ME,79,10
5,DL,MI,5377,679
5,DL,MN,5241,566
5,DL,MO,986,96
5,DL,MS,277,39
5,DL,MT,206,2
5,DL,NC,1407,146
5,DL,ND,102,6
5,DL,NE,204,13
5,DL,NH,43,2
5,DL,NJ,465,56
5,DL,NM,124,8
5,DL,NV,1015,118
5,DL,NY,5307,838
5,DL,OH,727,65
5,DL,OK,231,29
5,DL,OR,416,20
5,DL,PA,1072,131
5,DL,PR,289,14
5,DL,RI,138,14
5,DL,SC,722,81
5,DL,SD,28,0
5,DL,TN,1010,116
5,DL,TX,1747,272
5,DL,UT,2896,290
5,DL,VA,1678,201
5,DL,VI,98,6
5,DL,WA,1382,139
5,DL,WI,699,63
5,DL,WV,30,1
5,DL,WY,4,0
5,EV,AL,1178,198
5,EV,AR,759,133
5,EV,AZ,74,15
5,EV,CO,715,121
5,EV,CT,124,15
5,EV,FL,855,161
5,EV,GA,5954,966
5,EV,IA,267,34
5,EV,IL,4673,725
5,EV,IN,438,65
5,EV,KS,225,45
5,EV,KY,876,127
5,EV,LA,2148,458
5,EV,MA,216,31
5,EV,MD,17,2
5,EV,ME,164,22
5,EV,MI,2671,371
5,EV,MN,824,169
5,EV,MO,801,130
5,EV,MS,774,151
5,EV,MT,2,0
5,EV,NC,1306,216
5,EV,ND,208,14
5,EV,NE,462,54
5,EV,NH,129,11
5,EV,NJ,2721,445
5,EV,NM,151,23
5,EV,NY,1716,281
5,EV,OH,1437,234
5,EV,OK,385,90
5,EV,PA,717,108
5,EV,RI,62,9
5,EV,SC,1042,154
5,EV,SD,194,35
5,EV,TN,1420,245
5,EV,TX,10002,2238
5,EV,VA,1269,195
5,EV,VT,149,24
5,EV,WI,852,103
5,EV,WV,195,35
5,F9,AZ,155,31
5,F9,CA,476,86
5,F9,CO,1955,301
5,F9,FL,867,185
5,F9,GA,545,145
5,F9,IA,31,4
5,F9,IL,496,128
5,F9,IN,58,18
5,F9,KY,250,65
5,F9,LA,62,26
5,F9,MI,80,12
5,F9,MN,204,43
5,F9,MO,97,8
5,F9,MT,25,2
5,F9,NC,173,39
5,F9,ND,13,0
5,F9,NE,18,3
5,F9,NJ,279,41
5,F9,NV,453,133
5,F9,NY,90,22
5,F9,OH,317,47
5,F9,OR,93,5
5,F9,PA,276,87
5,F9,SD,13,4
5,F9,TN,88,15
5,F9,TX,420,102
5,F9,UT,113,19
5,F9,VA,307,39
5,F9,WA,90,11
5,F9,WI,49,6
5,HA,AS,9,0
5,HA,AZ,31,1
5,HA,CA,393,24
5,HA,HI,5798,261
5,HA,NV,76,7
5,HA,NY,27,0
5,HA,OR,31,2
5,HA,WA,62,3
5,MQ,AL,296,53
5,MQ,AR,649,138
5,MQ,CO,162,24
5,MQ,FL,565,83
5,MQ,GA,160,38
5,MQ,IA,635,87
5,MQ,IL,6381,918
5,MQ,IN,511,61
5,MQ,KS,252,47
5,MQ,KY,654,89
5,MQ,LA,231,48
5,MQ,MD,61,9
5,MQ,MI,825,112
5,MQ,MN,138,18
5,MQ,MO,663,148
5,MQ,MS,159,27
5,MQ,NC,464,89
5,MQ,ND,172,15
5,MQ,NE,140,15
5,MQ,NM,222,36
5,MQ,NY,1872,342
5,MQ,OH,919,111
5,MQ,OK,423,91
5,MQ,PA,139,29
5,MQ,SC,73,12
5,MQ,SD,129,18
5,MQ,TN,782,123
5,MQ,TX,6082,1458
5,MQ,VA,208,37
5,MQ,WI,517,49
5,NK,AZ,58,19
5,NK,CA,724,219
5,NK,CO,392,128
5,NK,FL,1622,466
5,NK,GA,324,127
5,NK,IL,990,508
5,NK,LA,150,67
5,NK,MA,244,71
5,NK,MD,276,72
5,NK,MI,619,183
5,NK,MN,297,114
5,NK,MO,128,61
5,NK,NJ,341,92
5,NK,NV,840,306
5,NK,NY,376,86
5,NK,OH,239,61
5,NK,OR,87,33
5,NK,PA,252,69
5,NK,PR,78,15
5,NK,SC,397,85
5,NK,TX,1349,594
5,NK,VI,30,6
5,NK,WV,13,3
5,OO,AK,33,1
5,OO,AL,94,20
5,OO,AR,143,15
5,OO,AZ,2799,298
5,OO,CA,12576,2179
5,OO,CO,4969,793
5,OO,CT,101,15
5,OO,FL,76,25
5,OO,GA,375,52
5,OO,IA,350,50
5,OO,ID,1003,101
5,OO,IL,3511,623
5,OO,IN,685,80
5,OO,KS,280,47
5,OO,KY,504,86
5,OO,LA,13,2
5,OO,MA,33,6
5,OO,MI,1801,194
5,OO,MN,2565,212
5,OO,MO,370,63
5,OO,MT,847,31
5,OO,NC,123,20
5,OO,ND,1022,87
5,OO,NE,253,30
5,OO,NM,371,59
5,OO,NV,576,87
5,OO,NY,27,3
5,OO,OH,308,47
5,OO,OK,386,64
5,OO,OR,1292,217
5,OO,PA,79,14
5,OO,RI,5,0
5,OO,SC,84,25
5,OO,SD,419,44
5,OO,TN,375,53
5,OO,TX,3123,802
5,OO,UT,4356,362
5,OO,VA,237,51
5,OO,WA,1524,136
5,OO,WI,1065,126
5,OO,WY,492,40
5,UA,AK,93,38
5,UA,AZ,533,99
5,UA,CA,8513,1897
5,UA,CO,4086,948
5,UA,CT,50,8
5,UA,FL,2731,530
5,UA,GA,350,118
5,UA,GU,29,10
5,UA,HI,808,114
5,UA,IA,56,7
5,UA,ID,51,12
5,UA,IL,5749,1493
5,UA,IN,139,26
5,UA,KS,51,5
5,UA,KY,14,1
5,UA,LA,468,123
5,UA,MA,1126,236
5,UA,MD,298,51
5,UA,MI,92,9
5,UA,MN,345,91
5,UA,MO,99,28
5,UA,MT,60,10
5,UA,NC,135,44
5,UA,NE,154,29
5,UA,NJ,3977,942
5,UA,NV,1222,231
5,UA,NY,1243,209
5,UA,OH,690,82
5,UA,OK,76,16
5,UA,OR,477,62
5,UA,PA,659,119
5,UA,PR,160,26
5,UA,TX,6019,2025
5,UA,UT,81,11
5,UA,VA,2400,592
5,UA,VI,28,5
5,UA,WA,928,179
5,UA,WI,21,6
5,UA,WY,52,3
5,US,AK,30,5
5,US,AZ,4833,587
5,US,CA,2095,144
5,US,CO,403,35
5,US,CT,152,9
5,US,FL,2921,247
5,US,GA,509,55
5,US,HI,176,11
5,US,ID,64,6
5,US,IL,518,44
5,US,IN,144,5
5,US,KY,6,1
5,US,LA,229,28
5,US,MA,1474,163
5,US,MD,308,31
5,US,ME,31,0
5,US,MI,255,24
5,US,MN,346,32
5,US,MO,414,43
5,US,NC,7769,999
5,US,NE,61,4
5,US,NJ,368,30
5,US,NM,3,0
5,US,NV,618,31
5,US,NY,1540,212
5,US,OH,247,15
5,US,OR,201,12
5,US,PA,3815,594
5,US,PR,164,19
5,US,RI,108,11
5,US,TN,170,13
5,US,TX,1069,142
5,US,UT,213,11
5,US,VA,1815,239
5,US,VI,65,9
5,US,WA,333,27
5,US,WI,62,4
5,VX,CA,2691,577
5,VX,FL,103,17
5,VX,IL,149,24
5,VX,MA,160,32
5,VX,NJ,171,19
5,VX,NV,336,102
5,VX,NY,420,66
5,VX,OK,1,1
5,VX,OR,31,0
5,VX,TX,696,175
5,VX,VA,253,47
5,VX,WA,195,47
5,WN,AL,371,70
5,WN,AR,210,44
5,WN,AZ,5391,1313
5,WN,CA,17990,4313
5,WN,CO,5111,1165
5,WN,CT,595,73
5,WN,FL,9347,1563
5,WN,GA,3610,835
5,WN,IA,90,13
5,WN,ID,255,39
5,WN,IL,7070,1690
5,WN,IN,909,129
5,WN,KS,140,25
5,WN,KY,375,38
5,WN,LA,1650,378
5,WN,MA,832,173
5,WN,MD,6076,1346
5,WN,ME,86,14
5,WN,MI,905,120
5,WN,MN,620,76
5,WN,MO,4523,1003
5,WN,NC,1022,176
5,WN,NE,488,89
5,WN,NH,441,55
5,WN,NJ,499,80
5,WN,NM,1048,206
5,WN,NV,7035,1729
5,WN,NY,2526,393
5,WN,OH,1750,243
5,WN,OK,871,188
5,WN,OR,912,127
5,WN,PA,1524,208
5,WN,PR,277,25
5,WN,RI,573,66
5,WN,SC,335,79
5,WN,TN,2792,549
5,WN,TX,13220,3978
5,WN,UT,798,105
5,WN,VA,1861,331
5,WN,WA,1351,214
5,WN,WI,1247,166
6,AA,AK,27,8
6,AA,AR,12,0
6,AA,AZ,554,72
6,AA,CA,5032,762
6,AA,CO,614,135
6,AA,CT,92,14
6,AA,FL,6163,1530
6,AA,GA,479,77
6,AA,HI,478,75
6,AA,IA,59,8
6,AA,IL,4458,1338
6,AA,IN,178,27
6,AA,KY,26,7
6,AA,LA,241,35
6,AA,MA,975,144
6,AA,MD,265,59
6,AA,MI,227,36
6,AA,MN,319,56
6,AA,MO,750,149
6,AA,NC,676,162
6,AA,NE,95,15
6,AA,NJ,322,51
6,AA,NM,177,22
6,AA,NV,930,149
6,AA,NY,2460,453
6,AA,OH,353,54
6,AA,OK,342,50
6,AA,OR,194,42
6,AA,PA,498,100
6,AA,PR,386,57
6,AA,TN,327,62
6,AA,TX,13821,3454
6,AA,UT,196,32
6,AA,VA,1255,287
6,AA,VI,177,48
6,AA,WA,516,104
6,AA,WI,90,13
6,AA,WY,57,8
6,AS,AK,3022,331
6,AS,AZ,217,14
6,AS,CA,3078,222
6,AS,CO,171,21
6,AS,FL,114,26
6,AS,GA,29,5
6,AS,HI,652,66
6,AS,IL,185,24
6,AS,LA,29,3
6,AS,MA,150,24
6,AS,MD,30,4
6,AS,MI,30,3
6,AS,MN,60,7
6,AS,MO,94,15
6,AS,NJ,60,6
6,AS,NM,30,2
6,AS,NV,357,31
6,AS,OR,1180,81
6,AS,PA,30,4
6,AS,TX,251,32
6,AS,UT,180,14
6,AS,VA,149,13
6,AS,WA,4917,561
6,B6,AK,73,15
6,B6,AZ,60,18
6,B6,CA,2017,389
6,B6,CO,92,26
6,B6,CT,267,49
6,B6,FL,4681,1141
6,B6,GA,90,25
6,B6,IL,246,78
6,B6,LA,104,23
6,B6,MA,3689,660
6,B6,MD,171,20
6,B6,ME,118,15
6,B6,MI,120,24
6,B6,NC,368,80
6,B6,NJ,537,96
6,B6,NM,29,9
6,B6,NV,424,88
6,B6,NY,5238,974
6,B6,OH,90,17
6,B6,OR,156,34
6,B6,PA,290,66
6,B6,PR,1117,200
6,B6,RI,89,11
6,B6,SC,161,38
6,B6,TX,330,72
6,B6,UT,119,35
6,B6,VA,1234,200
6,B6,VI,92,9
6,B6,VT,87,15
6,B6,WA,238,73
6,DL,AK,377,43
6,DL,AL,480,45
6,DL,AR,262,29
6,DL,AZ,669,74
6,DL,CA,4722,844
6,DL,CO,692,113
6,DL,CT,420,53
6,DL,FL,6472,1090
6,DL,GA,21107,4186
6,DL,HI,408,56
6,DL,IA,89,15
6,DL,ID,158,9
6,DL,IL,924,291
6,DL,IN,454,68
6,DL,KS,87,9
6,DL,KY,855,101
6,DL,LA,697,101
6,DL,MA,1458,281
6,DL,MD,613,114
6,DL,ME,146,17
6,DL,MI,5232,960
6,DL,MN,5842,903
6,DL,MO,1005,142
6,DL,MS,299,42
6,DL,MT,390,26
6,DL,NC,1425,228
6,DL,ND,62,3
6,DL,NE,235,27
6,DL,NH,33,2
6,DL,NJ,483,99
6,DL,NM,120,8
6,DL,NV,1060,126
6,DL,NY,5357,1093
6,DL,OH,783,98
6,DL,OK,224,30
6,DL,OR,599,84
6,DL,PA,1153,210
6,DL,PR,268,28
6,DL,RI,155,20
6,DL,SC,737,106
6,DL,SD,30,2
6,DL,TN,1020,150
6,DL,TX,1828,280
6,DL,UT,3295,432
6,DL,VA,1613,294
6,DL,VI,97,11
6,DL,VT,26,5
6,DL,WA,1624,262
6,DL,WI,796,91
6,DL,WV,30,0
6,DL,WY,105,6
6,EV,AL,1210,236
6,EV,AR,734,165
6,EV,AZ,29,1
6,EV,CO,508,128
6,EV,CT,82,11
6,EV,FL,1109,292
6,EV,GA,6158,1397
6,EV,IA,280,84
6,EV,IL,4240,1067
6,EV,IN,517,118
6,EV,KS,182,52
6,EV,KY,948,217
6,EV,LA,2086,432
6,EV,MA,221,44
6,EV,MD,8,0
6,EV,ME,183,44
6,EV,MI,2310,470
6,EV,MN,668,173
6,EV,MO,797,213
6,EV,MS,843,169
6,EV,MT,2,0
6,EV,NC,1397,327
6,EV,ND,183,39
6,EV,NE,314,74
6,EV,NH,159,32
6,EV,NJ,2811,819
6,EV,NM,130,24
6,EV,NY,1548,384
6,EV,OH,1393,318
6,EV,OK,419,106
6,EV,PA,570,112
6,EV,RI,58,19
6,EV,SC,957,209
6,EV,SD,252,47
6,EV,TN,1462,372
6,EV,TX,10139,2308
6,EV,UT,4,2
6,EV,VA,1372,322
6,EV,VT,145,42
6,EV,WI,767,156
6,EV,WV,182,53
6,F9,AZ,147,36
6,F9,CA,465,95
6,F9,CO,1932,413
6,F9,FL,814,241
6,F9,GA,528,184
6,F9,IA,30,4
6,F9,IL,479,219
6,F9,IN,72,11
6,F9,KY,239,90
6,F9,LA,58,23
6,F9,MI,77,15
6,F9,MN,195,58
6,F9,MO,89,11
6,F9,MT,30,5
6,F9,NC,184,50
6,F9,ND,13,3
6,F9,NE,17,5
6,F9,NJ,265,45
6,F9,NV,426,152
6,F9,NY,88,28
6,F9,OH,290,65
6,F9,OR,89,11
6,F9,PA,267,88
6,F9,SD,13,3
6,F9,TN,86,21
6,F9,TX,400,138
6,F9,UT,115,28
6,F9,VA,296,63
6,F9,WA,88,25
6,F9,WI,47,7
6,HA,AS,11,1
6,HA,AZ,30,0
6,HA,CA,435,24
6,HA,HI,5999,261
6,HA,NV,72,5
6,HA,NY,30,1
6,HA,OR,30,1
6,HA,WA,60,2
6,MQ,AL,305,74
6,MQ,AR,696,177
6,MQ,CA,25,6
6,MQ,CO,250,57
6,MQ,CT,49,18
6,MQ,FL,792,169
6,MQ,GA,232,70
6,MQ,IA,596,107
6,MQ,IL,6396,1595
6,MQ,IN,455,85
6,MQ,KS,280,66
6,MQ,KY,559,93
6,MQ,LA,302,54
6,MQ,MD,103,24
6,MQ,MI,740,130
6,MQ,MN,117,13
6,MQ,MO,605,133
6,MQ,MS,96,25
6,MQ,NC,376,96
6,MQ,ND,168,27
6,MQ,NE,139,22
6,MQ,NJ,42,17
6,MQ,NM,180,26
6,MQ,NY,1556,395
6,MQ,OH,790,166
6,MQ,OK,534,156
6,MQ,PA,123,34
6,MQ,SC,58,9
6,MQ,SD,165,35
6,MQ,TN,612,148
6,MQ,TX,6051,1552
6,MQ,VA,174,50
6,MQ,WI,515,97
6,NK,AZ,58,18
6,NK,CA,689,291
6,NK,CO,372,149
6,NK,FL,1540,585
6,NK,GA,353,178
6,NK,IL,927,585
6,NK,LA,136,72
6,NK,MA,230,77
6,NK,MD,267,119
6,NK,MI,585,270
6,NK,MN,270,149
6,NK,MO,117,43
6,NK,NJ,317,120
6,NK,NV,801,388
6,NK,NY,345,127
6,NK,OH,231,95
6,NK,OR,82,38
6,NK,PA,254,111
6,NK,PR,77,33
6,NK,SC,373,123
6,NK,TX,1280,616
6,NK,VI,30,6
6,NK,WV,13,2
6,OO,AK,60,6
6,OO,AL,101,24
6,OO,AR,250,54
6,OO,AZ,2705,449
6,OO,CA,11650,2200
6,OO,CO,5226,1125
6,OO,CT,94,21
6,OO,FL,71,33
6,OO,GA,295,64
6,OO,IA,354,76
6,OO,ID,1052,114
6,OO,IL,3868,1103
6,OO,IN,695,131
6,OO,KS,311,69
6,OO,KY,487,113
6,OO,LA,83,15
6,OO,MA,29,7
6,OO,MI,1647,267
6,OO,MN,2967,428
6,OO,MO,342,82
6,OO,MT,985,87
6,OO,NC,143,47
6,OO,ND,1121,150
6,OO,NE,233,37
6,OO,NM,428,47
6,OO,NV,538,95
6,OO,NY,41,12
6,OO,OH,242,51
6,OO,OK,405,72
6,OO,OR,1241,161
6,OO,PA,33,8
6,OO,RI,5,1
6,OO,SC,40,16
6,OO,SD,501,90
6,OO,TN,348,53
6,OO,TX,2958,743
6,OO,UT,4180,472
6,OO,VA,312,93
6,OO,WA,1533,222
6,OO,WI,1137,206
6,OO,WY,488,67
6,UA,AK,190,102
6,UA,AZ,392,95
6,UA,CA,8723,2681
6,UA,CO,4437,1611
6,UA,CT,71,30
6,UA,FL,2427,754
6,UA,GA,372,146
6,UA,GU,30,10
6,UA,HI,998,186
6,UA,IA,76,20
6,UA,ID,51,14
6,UA,IL,5592,2386
6,UA,IN,132,33
6,UA,KS,55,23
6,UA,LA,349,120
6,UA,MA,1178,377
6,UA,MD,321,116
6,UA,MI,159,43
6,UA,MN,366,118
6,UA,MO,102,58
6,UA,MT,115,24
6,UA,NC,240,80
6,UA,NE,117,41
6,UA,NJ,4038,1597
6,UA,NM,49,18
6,UA,NV,1050,253
6,UA,NY,1235,285
6,UA,OH,678,172
6,UA,OK,76,12
6,UA,OR,560,122
6,UA,PA,650,185
6,UA,PR,193,90
6,UA,RI,21,6
6,UA,TN,52,11
6,UA,TX,6235,2271
6,UA,UT,62,25
6,UA,VA,2367,818
6,UA,VI,23,8
6,UA,WA,1028,333
6,UA,WI,44,15
6,UA,WY,125,36
6,US,AK,29,6
6,US,AZ,5102,866
6,US,CA,2214,252
6,US,CO,438,65
6,US,CT,156,17
6,US,FL,2722,377
6,US,GA,518,79
6,US,HI,220,32
6,US,ID,82,14
6,US,IL,572,122
6,US,IN,159,18
6,US,LA,176,30
6,US,MA,1511,193
6,US,MD,317,54
6,US,ME,29,4
6,US,MI,278,38
6,US,MN,360,56
6,US,MO,413,62
6,US,NC,7548,1579
6,US,NE,55,2
6,US,NJ,352,52
6,US,NM,26,4
6,US,NV,644,59
6,US,NY,1500,217
6,US,OH,228,23
6,US,OR,232,21
6,US,PA,3928,774
6,US,PR,179,28
6,US,RI,84,11
6,US,TN,195,23
6,US,TX,1135,172
6,US,UT,206,19
6,US,VA,1798,262
6,US,VI,58,13
6,US,WA,455,59
6,US,WI,59,4
6,VX,CA,2699,401
6,VX,FL,90,12
6,VX,IL,149,35
6,VX,MA,176,35
6,VX,NJ,180,28
6,VX,NV,321,55
6,VX,NY,431,66
6,VX,OR,30,1
6,VX,TX,710,129
6,VX,VA,260,35
6,VX,WA,193,35
6,WN,AL,376,77
6,WN,AR,202,45
6,WN,AZ,5377,1794
6,WN,CA,18117,4719
6,WN,CO,5301,1650
6,WN,CT,538,106
6,WN,FL,8983,2219
6,WN,GA,3560,1122
6,WN,IA,89,22
6,WN,ID,287,53
6,WN,IL,7346,2492
6,WN,IN,964,212
6,WN,KS,139,30
6,WN,KY,406,79
6,WN,LA,1630,350
6,WN,MA,977,246
6,WN,MD,6067,2045
6,WN,ME,108,21
6,WN,MI,850,180
6,WN,MN,685,198
6,WN,MO,4633,1254
6,WN,NC,1058,271
6,WN,NE,509,130
6,WN,NH,391,62
6,WN,NJ,490,129
6,WN,NM,1038,270
6,WN,NV,7011,2147
6,WN,NY,2373,579
6,WN,OH,1823,394
6,WN,OK,887,199
6,WN,OR,1090,260
6,WN,PA,1536,323
6,WN,PR,322,35
6,WN,RI,551,114
6,WN,SC,342,90
6,WN,TN,2929,810
6,WN,TX,13540,3646
6,WN,UT,794,192
6,WN,VA,1757,327
6,WN,WA,1580,367
6,WN,WI,1236,258
7,AA,AK,61,23
7,AA,AZ,5880,956
7,AA,CA,7538,1117
7,AA,CO,1097,156
7,AA,CT,256,35
7,AA,FL,9218,2181
7,AA,GA,1038,159
7,AA,HI,726,71
7,AA,IA,61,6
7,AA,ID,91,13
7,AA,IL,5259,1302
7,AA,IN,331,36
7,AA,KY,27,7
7,AA,LA,435,57
7,AA,MA,2568,334
7,AA,MD,605,86
7,AA,ME,32,6
7,AA,MI,533,67
7,AA,MN,703,100
7,AA,MO,1193,162
7,AA,NC,8521,1700
7,AA,NE,150,16
7,AA,NJ,744,168
7,AA,NM,216,19
7,AA,NV,1633,236
7,AA,NY,4074,717
7,AA,OH,594,68
7,AA,OK,362,36
7,AA,OR,449,56
7,AA,PA,4600,785
7,AA,PR,591,88
7,AA,RI,78,15
7,AA,TN,522,66
7,AA,TX,15632,2908
7,AA,UT,417,40
7,AA,VA,3144,517
7,AA,VI,244,61
7,AA,WA,1032,140
7,AA,WI,151,14
7,AA,WY,66,11
7,AS,AK,3205,379
7,AS,AZ,217,14
7,AS,CA,3234,282
7,AS,CO,182,10
7,AS,FL,118,30
7,AS,GA,31,4
7,AS,HI,675,46
7,AS,IL,196,19
7,AS,LA,30,3
7,AS,MA,154,11
7,AS,MD,31,3
7,AS,MI,31,1
7,AS,MN,62,7
7,AS,MO,106,13
7,AS,NJ,62,8
7,AS,NM,31,0
7,AS,NV,362,24
7,AS,OR,1250,157
7,AS,PA,31,4
7,AS,TX,292,27
7,AS,UT,186,18
7,AS,VA,154,9
7,AS,WA,5132,595
7,B6,AK,124,35
7,B6,AZ,62,17
7,B6,CA,2132,452
7,B6,CO,92,30
7,B6,CT,268,73
7,B6,FL,4875,1256
7,B6,GA,93,24
7,B6,IL,273,68
7,B6,LA,94,24
7,B6,MA,4019,788
7,B6,MD,169,15
7,B6,ME,149,27
7,B6,MI,123,21
7,B6,NC,366,79
7,B6,NJ,578,127
7,B6,NM,31,12
7,B6,NV,439,125
7,B6,NY,5529,1102
7,B6,OH,92,8
7,B6,OR,212,47
7,B6,PA,294,39
7,B6,PR,1270,292
7,B6,RI,92,17
7,B6,SC,175,39
7,B6,TX,333,59
7,B6,UT,123,26
7,B6,VA,1277,205
7,B6,VI,93,9
7,B6,VT,93,12
7,B6,WA,334,95
7,DL,AK,427,92
7,DL,AL,538,65
7,DL,AR,264,19
7,DL,AZ,700,74
7,DL,CA,5097,970
7,DL,CO,728,111
7,DL,CT,431,51
7,DL,FL,6627,1059
7,DL,GA,21962,3817
7,DL,HI,428,47
7,DL,IA,91,12
7,DL,ID,141,6
7,DL,IL,931,167
7,DL,IN,472,57
7,DL,KS,93,12
7,DL,KY,909,119
7,DL,LA,714,106
7,DL,MA,1285,220
7,DL,MD,643,90
7,DL,ME,148,15
7,DL,MI,5725,769
7,DL,MN,6169,841
7,DL,MO,1064,122
7,DL,MS,312,39
7,DL,MT,461,35
7,DL,NC,1429,184
7,DL,ND,91,6
7,DL,NE,229,15
7,DL,NH,51,2
7,DL,NJ,499,90
7,DL,NM,159,3
7,DL,NV,1178,147
7,DL,NY,5270,1157
7,DL,OH,790,88
7,DL,OK,232,23
7,DL,OR,710,77
7,DL,PA,1161,181
7,DL,PR,277,24
7,DL,RI,173,21
7,DL,SC,792,89
7,DL,SD,61,2
7,DL,TN,1076,145
7,DL,TX,1855,211
7,DL,UT,3520,437
7,DL,VA,1719,243
7,DL,VI,100,12
7,DL,VT,31,2
7,DL,WA,1816,275
7,DL,WI,887,85
7,DL,WV,31,2
7,DL,WY,138,8
7,EV,AL,1132,165
7,EV,AR,806,122
7,EV,AZ,31,1
7,EV,CO,131,8
7,EV,CT,150,24
7,EV,FL,1247,216
7,EV,GA,6203,1242
7,EV,IA,344,53
7,EV,IL,5041,907
7,EV,IN,575,122
7,EV,KS,199,40
7,EV,KY,750,120
7,EV,LA,2137,288
7,EV,MA,229,31
7,EV,MD,14,2
7,EV,ME,227,44
7,EV,MI,2315,359
7,EV,MN,699,138
7,EV,MO,670,120
7,EV,MS,873,103
7,EV,MT,25,3
7,EV,NC,1532,317
7,EV,ND,187,24
7,EV,NE,409,56
7,EV,NH,131,18
7,EV,NJ,2930,629
7,EV,NM,131,18
7,EV,NY,1884,496
7,EV,OH,1479,253
7,EV,OK,465,71
7,EV,PA,688,96
7,EV,RI,39,17
7,EV,SC,912,163
7,EV,SD,182,19
7,EV,TN,1596,320
7,EV,TX,10512,1384
7,EV,UT,4,0
7,EV,VA,1380,275
7,EV,VT,175,35
7,EV,WI,859,170
7,EV,WV,179,40
7,F9,AZ,154,38
7,F9,CA,457,105
7,F9,CO,1966,393
7,F9,FL,844,185
7,F9,GA,526,168
7,F9,IA,31,6
7,F9,IL,494,149
7,F9,IN,85,20
7,F9,KY,248,94
7,F9,LA,62,16
7,F9,MI,78,9
7,F9,MN,201,57
7,F9,MO,93,13
7,F9,MT,30,8
7,F9,NC,204,37
7,F9,ND,13,5
7,F9,NE,18,4
7,F9,NJ,274,46
7,F9,NV,442,143
7,F9,NY,93,38
7,F9,OH,301,63
7,F9,OR,93,5
7,F9,PA,279,66
7,F9,SD,13,4
7,F9,TN,87,14
7,F9,TX,429,94
7,F9,UT,97,24
7,F9,VA,305,44
7,F9,WA,91,24
7,F9,WI,49,6
7,HA,AS,14,1
7,HA,AZ,31,1
7,HA,CA,462,43
7,HA,HI,6237,422
7,HA,NV,76,5
7,HA,NY,31,2
7,HA,OR,31,3
7,HA,WA,62,7
7,MQ,AL,313,47
7,MQ,AR,694,141
7,MQ,CA,31,9
7,MQ,CO,266,47
7,MQ,CT,59,12
7,MQ,FL,792,146
7,MQ,GA,223,50
7,MQ,IA,637,91
7,MQ,IL,6619,1240
7,MQ,IN,485,57
7,MQ,KS,251,28
7,MQ,KY,561,93
7,MQ,LA,275,40
7,MQ,MD,114,16
7,MQ,MI,767,120
7,MQ,MN,120,17
7,MQ,MO,488,87
7,MQ,MS,67,16
7,MQ,NC,338,93
7,MQ,ND,177,31
7,MQ,NE,120,12
7,MQ,NJ,27,4
7,MQ,NM,231,32
7,MQ,NY,1729,452
7,MQ,OH,827,158
7,MQ,OK,512,109
7,MQ,PA,133,21
7,MQ,SC,61,3
7,MQ,SD,180,27
7,MQ,TN,580,128
7,MQ,TX,5648,902
7,MQ,VA,263,79
7,MQ,WI,528,48
7,NK,AZ,62,11
7,NK,CA,779,209
7,NK,CO,397,98
7,NK,FL,1658,408
7,NK,GA,430,151
7,NK,IL,997,400
7,NK,LA,155,51
7,NK,MA,246,48
7,NK,MD,331,144
7,NK,MI,615,161
7,NK,MN,302,119
7,NK,MO,146,44
7,NK,NJ,340,73
7,NK,NV,861,211
7,NK,NY,378,79
7,NK,OH,245,59
7,NK,OR,89,27
7,NK,PA,298,63
7,NK,PR,79,8
7,NK,SC,398,78
7,NK,TX,1373,395
7,NK,VI,31,7
7,NK,WV,10,2
7,OO,AK,61,16
7,OO,AL,112,22
7,OO,AR,247,34
7,OO,AZ,2859,415
7,OO,CA,12121,2713
7,OO,CO,5667,1210
7,OO,CT,83,25
7,OO,FL,110,25
7,OO,GA,430,74
7,OO,IA,345,57
7,OO,ID,1206,165
7,OO,IL,3653,881
7,OO,IN,693,99
7,OO,KS,288,53
7,OO,KY,529,113
7,OO,LA,132,22
7,OO,MA,23,3
7,OO,MI,1857,234
7,OO,MN,3010,354
7,OO,MO,319,72
7,OO,MT,1242,117
7,OO,NC,153,35
7,OO,ND,1188,131
7,OO,NE,264,33
7,OO,NM,404,76
7,OO,NV,482,97
7,OO,NY,14,4
7,OO,OH,282,51
7,OO,OK,417,68
7,OO,OR,1310,126
7,OO,PA,55,7
7,OO,RI,10,0
7,OO,SC,86,19
7,OO,SD,623,114
7,OO,TN,332,57
7,OO,TX,2857,646
7,OO,UT,4403,490
7,OO,VA,361,74
7,OO,WA,1741,257
7,OO,WI,1221,189
7,OO,WY,616,72
7,UA,AK,218,116
7,UA,AZ,309,70
7,UA,CA,9115,2567
7,UA,CO,4522,1340
7,UA,CT,34,10
7,UA,FL,2365,613
7,UA,GA,307,79
7,UA,GU,31,9
7,UA,HI,1018,200
7,UA,IA,79,13
7,UA,ID,50,11
7,UA,IL,5887,2009
7,UA,IN,105,22
7,UA,KS,56,12
7,UA,LA,311,60
7,UA,MA,1213,352
7,UA,MD,331,92
7,UA,MI,233,43
7,UA,MN,375,91
7,UA,MO,76,31
7,UA,MT,193,33
7,UA,NC,224,62
7,UA,NE,114,27
7,UA,NJ,4102,1446
7,UA,NM,51,10
7,UA,NV,1054,216
7,UA,NY,1400,297
7,UA,OH,657,126
7,UA,OK,89,21
7,UA,OR,602,123
7,UA,PA,646,135
7,UA,PR,243,94
7,UA,RI,27,7
7,UA,TN,77,17
7,UA,TX,6239,1973
7,UA,UT,119,22
7,UA,VA,2282,581
7,UA,VI,26,6
7,UA,WA,1011,257
7,UA,WI,54,10
7,UA,WY,165,28
7,VX,CA,2773,607
7,VX,FL,91,36
7,VX,IL,152,22
7,VX,MA,198,37
7,VX,NJ,184,26
7,VX,NV,328,72
7,VX,NY,444,67
7,VX,OR,31,3
7,VX,TX,732,110
7,VX,VA,262,36
7,VX,WA,198,71
7,WN,AL,396,86
7,WN,AR,211,35
7,WN,AZ,5498,1745
7,WN,CA,18702,5293
7,WN,CO,5528,1628
7,WN,CT,552,107
7,WN,FL,9182,2308
7,WN,GA,3702,1166
7,WN,IA,93,20
7,WN,ID,301,69
7,WN,IL,7852,2543
7,WN,IN,1068,230
7,WN,KS,147,17
7,WN,KY,435,72
7,WN,LA,1687,316
7,WN,MA,1114,292
7,WN,MD,6455,2338
7,WN,ME,123,27
7,WN,MI,879,149
7,WN,MN,736,182
7,WN,MO,4878,1186
7,WN,NC,1117,263
7,WN,NE,536,121
7,WN,NH,406,73
7,WN,NJ,516,149
7,WN,NM,1075,251
7,WN,NV,7203,2287
7,WN,NY,2501,626
7,WN,OH,1928,449
7,WN,OK,922,185
7,WN,OR,1200,277
7,WN,PA,1575,321
7,WN,PR,345,33
7,WN,RI,566,116
7,WN,SC,364,70
7,WN,TN,3064,871
7,WN,TX,14241,3487
7,WN,UT,819,222
7,WN,VA,1870,319
7,WN,WA,1738,400
7,WN,WI,1286,226
8,AA,AK,60,17
8,AA,AZ,5577,973
8,AA,CA,7439,1007
8,AA,CO,1108,143
8,AA,CT,247,28
8,AA,FL,8943,2195
8,AA,GA,978,120
8,AA,HI,642,91
8,AA,IA,88,13
8,AA,ID,77,13
8,AA,IL,5179,1060
8,AA,IN,331,40
8,AA,KY,26,4
8,AA,LA,408,53
8,AA,MA,2541,331
8,AA,MD,585,101
8,AA,ME,44,2
8,AA,MI,508,64
8,AA,MN,686,89
8,AA,MO,1137,132
8,AA,NC,8396,1698
8,AA,NE,146,12
8,AA,NJ,721,97
8,AA,NM,217,19
8,AA,NV,1594,244
8,AA,NY,4042,625
8,AA,OH,585,72
8,AA,OK,354,38
8,AA,OR,450,51
8,AA,PA,4533,746
8,AA,PR,518,86
8,AA,RI,104,12
8,AA,TN,509,65
8,AA,TX,15265,2790
8,AA,UT,415,44
8,AA,VA,3105,477
8,AA,VI,189,42
8,AA,WA,996,159
8,AA,WI,148,16
8,AA,WY,67,6
8,AS,AK,3140,404
8,AS,AZ,216,24
8,AS,CA,3224,426
8,AS,CO,172,18
8,AS,FL,122,34
8,AS,GA,39,8
8,AS,HI,653,52
8,AS,IL,193,35
8,AS,LA,31,3
8,AS,MA,155,15
8,AS,MD,31,4
8,AS,MI,31,2
8,AS,MN,62,3
8,AS,MO,103,17
8,AS,NJ,62,6
8,AS,NM,31,1
8,AS,NV,355,55
8,AS,OR,1319,139
8,AS,PA,31,2
8,AS,TX,291,33
8,AS,UT,217,24
8,AS,VA,155,19
8,AS,WA,5426,818
8,B6,AK,111,28
8,B6,AZ,60,21
8,B6,CA,2126,491
8,B6,CO,98,30
8,B6,CT,269,79
8,B6,FL,4798,1567
8,B6,GA,91,24
8,B6,IL,277,68
8,B6,LA,92,24
8,B6,MA,4008,912
8,B6,MD,167,19
8,B6,ME,151,21
8,B6,MI,124,14
8,B6,NC,366,90
8,B6,NJ,570,112
8,B6,NM,31,8
8,B6,NV,439,127
8,B6,NY,5521,1127
8,B6,OH,93,17
8,B6,OR,205,49
8,B6,PA,294,43
8,B6,PR,1191,346
8,B6,RI,90,28
8,B6,SC,177,34
8,B6,TX,332,69
8,B6,UT,124,28
8,B6,VA,1272,233
8,B6,VI,90,13
8,B6,VT,92,8
8,B6,WA,312,94
8,DL,AK,432,97
8,DL,AL,539,63
8,DL,AR,274,30
8,DL,AZ,695,75
8,DL,CA,5164,832
8,DL,CO,732,118
8,DL,CT,427,35
8,DL,FL,6616,1072
8,DL,GA,22018,3633
8,DL,HI,416,52
8,DL,IA,91,17
8,DL,ID,133,7
8,DL,IL,926,139
8,DL,IN,486,49
8,DL,KS,92,12
8,DL,KY,917,88
8,DL,LA,703,84
8,DL,MA,1310,228
8,DL,MD,641,79
8,DL,ME,163,25
8,DL,MI,5770,707
8,DL,MN,6086,695
8,DL,MO,1070,91
8,DL,MS,320,40
8,DL,MT,450,28
8,DL,NC,1467,208
8,DL,ND,74,3
8,DL,NE,229,20
8,DL,NH,55,3
8,DL,NJ,498,64
8,DL,NM,153,9
8,DL,NV,1180,144
8,DL,NY,5386,990
8,DL,OH,794,93
8,DL,OK,251,25
8,DL,OR,676,64
8,DL,PA,1155,174
8,DL,PR,278,34
8,DL,RI,169,21
8,DL,SC,781,81
8,DL,SD,66,3
8,DL,TN,1079,128
8,DL,TX,1847,203
8,DL,UT,3485,431
8,DL,VA,1713,228
8,DL,VI,95,11
8,DL,VT,31,0
8,DL,WA,1897,355
8,DL,WI,876,97
8,DL,WV,30,2
8,DL,WY,142,13
8,EV,AL,1115,155
8,EV,AR,767,97
8,EV,AZ,28,4
8,EV,CO,97,9
8,EV,CT,140,19
8,EV,FL,1187,219
8,EV,GA,6111,1222
8,EV,IA,303,46
8,EV,IL,4952,768
8,EV,IN,569,68
8,EV,KS,203,26
8,EV,KY,690,94
8,EV,LA,2073,294
8,EV,MA,227,40
8,EV,MD,33,2
8,EV,ME,206,39
8,EV,MI,2094,261
8,EV,MN,681,135
8,EV,MO,677,93
8,EV,MS,852,93
8,EV,MT,13,0
8,EV,NC,1457,269
8,EV,ND,176,24
8,EV,NE,397,53
8,EV,NH,138,20
8,EV,NJ,2950,527
8,EV,NM,92,11
8,EV,NY,1889,344
8,EV,OH,1431,178
8,EV,OK,479,79
8,EV,PA,662,90
8,EV,RI,42,10
8,EV,SC,881,144
8,EV,SD,159,26
8,EV,TN,1598,246
8,EV,TX,9886,1400
8,EV,UT,5,0
8,EV,VA,1440,230
8,EV,VT,142,22
8,EV,WI,800,118
8,EV,WV,184,32
8,F9,AZ,151,21
8,F9,CA,458,73
8,F9,CO,1991,267
8,F9,FL,847,209
8,F9,GA,535,124
8,F9,IA,31,4
8,F9,IL,478,141
8,F9,IN,86,17
8,F9,KY,256,50
8,F9,LA,62,9
8,F9,MI,79,13
8,F9,MN,196,40
8,F9,MO,92,7
8,F9,MT,31,8
8,F9,NC,202,38
8,F9,ND,13,1
8,F9,NE,18,4
8,F9,NJ,277,45
8,F9,NV,452,82
8,F9,NY,91,20
8,F9,OH,316,55
8,F9,OR,93,4
8,F9,PA,277,77
8,F9,SD,13,3
8,F9,TN,88,13
8,F9,TX,433,65
8,F9,UT,92,19
8,F9,VA,303,44
8,F9,WA,106,26
8,F9,WI,49,5
8,HA,AS,11,1
8,HA,AZ,31,2
8,HA,CA,458,43
8,HA,HI,6158,796
8,HA,NV,75,6
8,HA,NY,31,4
8,HA,OR,31,2
8,HA,WA,62,4
8,MQ,AL,318,40
8,MQ,AR,670,131
8,MQ,CA,15,2
8,MQ,CO,237,32
8,MQ,CT,58,16
8,MQ,FL,785,151
8,MQ,GA,221,45
8,MQ,IA,621,102
8,MQ,IL,6417,1119
8,MQ,IN,481,62
8,MQ,KS,274,21
8,MQ,KY,567,78
8,MQ,LA,264,36
8,MQ,MD,115,21
8,MQ,MI,745,121
8,MQ,MN,121,11
8,MQ,MO,481,71
8,MQ,MS,60,8
8,MQ,NC,223,60
8,MQ,ND,193,28
8,MQ,NE,117,15
8,MQ,NJ,38,4
8,MQ,NM,224,20
8,MQ,NY,1527,411
8,MQ,OH,771,155
8,MQ,OK,447,85
8,MQ,PA,142,23
8,MQ,SC,37,3
8,MQ,SD,110,14
8,MQ,TN,568,107
8,MQ,TX,5474,770
8,MQ,VA,394,118
8,MQ,WI,463,46
8,NK,AZ,61,9
8,NK,CA,802,252
8,NK,CO,387,115
8,NK,FL,1660,504
8,NK,GA,466,188
8,NK,IL,999,379
8,NK,LA,150,49
8,NK,MA,243,72
8,NK,MD,334,138
8,NK,MI,620,209
8,NK,MN,297,136
8,NK,MO,151,52
8,NK,NJ,335,89
8,NK,NV,851,271
8,NK,NY,385,103
8,NK,OH,246,68
8,NK,OR,89,31
8,NK,PA,296,94
8,NK,PR,76,21
8,NK,SC,397,131
8,NK,TX,1363,431
8,NK,VI,29,7
8,NK,WV,9,1
8,OO,AK,58,17
8,OO,AL,109,17
8,OO,AR,222,33
8,OO,AZ,2772,459
8,OO,CA,12253,2576
8,OO,CO,5607,956
8,OO,CT,65,12
8,OO,FL,82,27
8,OO,GA,449,60
8,OO,IA,300,34
8,OO,ID,1218,152
8,OO,IL,3928,839
8,OO,IN,703,95
8,OO,KS,276,44
8,OO,KY,590,89
8,OO,LA,187,32
8,OO,MA,12,2
8,OO,MI,1827,242
8,OO,MN,2965,294
8,OO,MO,358,69
8,OO,MT,1276,119
8,OO,NC,154,28
8,OO,ND,1174,119
8,OO,NE,245,31
8,OO,NM,363,60
8,OO,NV,409,109
8,OO,NY,41,11
8,OO,OH,308,50
8,OO,OK,405,48
8,OO,OR,1322,188
8,OO,PA,43,10
8,OO,RI,8,1
8,OO,SC,88,17
8,OO,SD,598,81
8,OO,TN,358,55
8,OO,TX,2774,571
8,OO,UT,4374,496
8,OO,VA,390,71
8,OO,WA,1737,344
8,OO,WI,1303,188
8,OO,WY,585,63
8,UA,AK,166,75
8,UA,AZ,357,65
8,UA,CA,8975,1952
8,UA,CO,4531,948
8,UA,CT,35,5
8,UA,FL,2136,511
8,UA,GA,313,64
8,UA,GU,31,10
8,UA,HI,943,176
8,UA,IA,68,12
8,UA,ID,52,3
8,UA,IL,5876,1624
8,UA,IN,101,14
8,UA,KS,42,5
8,UA,LA,300,37
8,UA,MA,1189,287
8,UA,MD,328,59
8,UA,MI,226,44
8,UA,MN,376,58
8,UA,MO,120,23
8,UA,MT,167,27
8,UA,NC,215,52
8,UA,NE,121,29
8,UA,NJ,3944,1269
8,UA,NM,66,18
8,UA,NV,1156,176
8,UA,NY,1372,224
8,UA,OH,627,105
8,UA,OK,96,9
8,UA,OR,579,72
8,UA,PA,669,108
8,UA,PR,211,67
8,UA,RI,28,4
8,UA,TN,76,12
8,UA,TX,6002,1470
8,UA,UT,124,19
8,UA,VA,2217,454
8,UA,VI,22,7
8,UA,VT,13,1
8,UA,WA,974,229
8,UA,WI,79,14
8,UA,WY,149,21
8,VX,CA,3029,621
8,VX,FL,93,18
8,VX,IL,153,21
8,VX,MA,192,20
8,VX,NJ,182,23
8,VX,NV,392,80
8,VX,NY,449,35
8,VX,OR,42,3
8,VX,TX,673,116
8,VX,VA,263,28
8,VX,WA,196,52
8,WN,AL,381,50
8,WN,AR,233,28
8,WN,AZ,5261,1227
8,WN,CA,18351,3809
8,WN,CO,5380,1163
8,WN,CT,496,95
8,WN,FL,7713,1785
8,WN,GA,3693,942
8,WN,IA,90,6
8,WN,ID,278,43
8,WN,IL,7435,1799
8,WN,IN,890,163
8,WN,KS,141,14
8,WN,KY,399,54
8,WN,LA,1567,229
8,WN,MA,1053,209
8,WN,MD,5959,1678
8,WN,ME,118,28
8,WN,MI,846,143
8,WN,MN,720,100
8,WN,MO,4534,747
8,WN,NC,1030,175
8,WN,NE,490,69
8,WN,NH,415,71
8,WN,NJ,508,99
8,WN,NM,1027,202
8,WN,NV,7048,1718
8,WN,NY,2373,463
8,WN,OH,1806,255
8,WN,OK,934,119
8,WN,OR,1163,180
8,WN,PA,1510,267
8,WN,PR,232,26
8,WN,RI,535,93
8,WN,SC,366,51
8,WN,TN,2846,512
8,WN,TX,13958,2665
8,WN,UT,849,150
8,WN,VA,1823,283
8,WN,WA,1563,382
8,WN,WI,1109,195
9,AA,AK,60,11
9,AA,AZ,4739,512
9,AA,CA,6718,686
9,AA,CO,961,105
9,AA,CT,243,22
9,AA,FL,8020,1398
9,AA,GA,911,65
9,AA,HI,452,40
9,AA,IA,73,2
9,AA,ID,63,7
9,AA,IL,4729,750
9,AA,IN,329,25
9,AA,KY,26,3
9,AA,LA,451,34
9,AA,MA,2447,248
9,AA,MD,513,59
9,AA,ME,57,4
9,AA,MI,503,36
9,AA,MN,669,63
9,AA,MO,1030,104
9,AA,NC,8460,1113
9,AA,NE,136,19
9,AA,NJ,637,72
9,AA,NM,183,11
9,AA,NV,1429,123
9,AA,NY,3948,438
9,AA,OH,534,41
9,AA,OK,340,28
9,AA,OR,374,28
9,AA,PA,4243,480
9,AA,PR,374,34
9,AA,RI,215,17
9,AA,SC,45,3
9,AA,TN,482,46
9,AA,TX,14126,1837
9,AA,UT,344,32
9,AA,VA,3061,362
9,AA,VI,94,17
9,AA,WA,814,92
9,AA,WI,136,14
9,AA,WY,57,3
9,AS,AK,2567,275
9,AS,AZ,206,15
9,AS,CA,3120,249
9,AS,CO,144,9
9,AS,FL,118,17
9,AS,GA,60,6
9,AS,HI,566,47
9,AS,IL,179,15
9,AS,LA,30,1
9,AS,MA,120,14
9,AS,MD,50,6
9,AS,MI,31,4
9,AS,MN,60,4
9,AS,MO,68,8
9,AS,NJ,61,5
9,AS,NM,30,0
9,AS,NV,314,23
9,AS,NY,14,0
9,AS,OR,1170,91
9,AS,PA,30,3
9,AS,TN,8,0
9,AS,TX,231,7
9,AS,UT,187,8
9,AS,VA,150,13
9,AS,WA,4731,394
9,B6,AK,43,12
9,B6,AZ,60,15
9,B6,CA,1897,314
9,B6,CO,91,18
9,B6,CT,239,28
9,B6,FL,4340,1049
9,B6,GA,90,19
9,B6,IL,215,42
9,B6,LA,90,20
9,B6,MA,3473,454
9,B6,MD,162,15
9,B6,ME,114,21
9,B6,MI,117,10
9,B6,NC,363,75
9,B6,NJ,528,70
9,B6,NM,26,8
9,B6,NV,422,83
9,B6,NY,5090,811
9,B6,OH,87,10
9,B6,OR,117,21
9,B6,PA,285,33
9,B6,PR,914,162
9,B6,RI,81,13
9,B6,SC,156,30
9,B6,TX,298,52
9,B6,UT,120,40
9,B6,VA,1215,144
9,B6,VI,91,7
9,B6,VT,113,19
9,B6,WA,206,69
9,DL,AK,206,19
9,DL,AL,512,29
9,DL,AR,225,8
9,DL,AZ,608,34
9,DL,CA,4684,508
9,DL,CO,698,57
9,DL,CT,406,26
9,DL,FL,5670,556
9,DL,GA,20497,1801
9,DL,HI,325,34
9,DL,IA,97,13
9,DL,ID,30,1
9,DL,IL,887,114
9,DL,IN,398,30
9,DL,KS,85,4
9,DL,KY,792,46
9,DL,LA,665,45
9,DL,MA,1131,107
9,DL,MD,605,57
9,DL,ME,117,10
9,DL,MI,4892,495
9,DL,MN,5282,501
9,DL,MO,1023,74
9,DL,MS,304,17
9,DL,MT,290,14
9,DL,NC,1292,93
9,DL,ND,122,10
9,DL,NE,195,14
9,DL,NH,50,1
9,DL,NJ,513,40
9,DL,NM,137,7
9,DL,NV,1094,69
9,DL,NY,4623,542
9,DL,OH,723,61
9,DL,OK,271,14
9,DL,OR,508,35
9,DL,PA,1124,108
9,DL,PR,233,16
9,DL,RI,147,9
9,DL,SC,776,45
9,DL,SD,88,5
9,DL,TN,999,66
9,DL,TX,1589,104
9,DL,UT,3013,188
9,DL,VA,1617,162
9,DL,VI,42,2
9,DL,VT,1,0
9,DL,WA,1517,160
9,DL,WI,834,67
9,DL,WV,30,2
9,DL,WY,90,3
9,EV,AL,1102,120
9,EV,AR,757,70
9,EV,AZ,23,3
9,EV,CO,38,4
9,EV,CT,79,9
9,EV,FL,1003,119
9,EV,GA,5539,804
9,EV,IA,241,27
9,EV,IL,4452,507
9,EV,IN,493,54
9,EV,KS,203,21
9,EV,KY,659,74
9,EV,LA,1877,174
9,EV,MA,215,31
9,EV,MD,41,8
9,EV,ME,120,9
9,EV,MI,2148,284
9,EV,MN,426,73
9,EV,MO,629,65
9,EV,MS,760,47
9,EV,NC,1325,164
9,EV,ND,153,23
9,EV,NE,397,38
9,EV,NH,162,28
9,EV,NJ,2623,332
9,EV,NM,82,9
9,EV,NY,1648,240
9,EV,OH,1323,148
9,EV,OK,527,34
9,EV,PA,461,55
9,EV,RI,54,5
9,EV,SC,801,88
9,EV,SD,127,14
9,EV,TN,1555,155
9,EV,TX,8956,717
9,EV,VA,1332,166
9,EV,VT,202,16
9,EV,WI,744,78
9,EV,WV,178,33
9,F9,AZ,141,15
9,F9,CA,467,42
9,F9,CO,1972,153
9,F9,FL,821,130
9,F9,GA,540,110
9,F9,IA,30,1
9,F9,IL,422,72
9,F9,IN,90,12
9,F9,KY,253,32
9,F9,LA,60,11
9,F9,MI,77,6
9,F9,MN,180,14
9,F9,MO,88,6
9,F9,MT,29,1
9,F9,NC,173,30
9,F9,ND,13,2
9,F9,NE,17,3
9,F9,NJ,266,56
9,F9,NV,436,51
9,F9,NY,90,18
9,F9,OH,288,35
9,F9,OR,90,4
9,F9,PA,268,71
9,F9,SD,13,1
9,F9,TN,85,9
9,F9,TX,417,64
9,F9,UT,93,9
9,F9,VA,289,32
9,F9,WA,97,12
9,F9,WI,47,2
9,HA,AS,8,3
9,HA,AZ,30,1
9,HA,CA,373,38
9,HA,HI,5529,604
9,HA,NV,73,3
9,HA,NY,27,0
9,HA,OR,30,5
9,HA,WA,60,7
9,MQ,AL,265,30
9,MQ,AR,666,94
9,MQ,CO,183,20
9,MQ,CT,54,7
9,MQ,FL,509,65
9,MQ,GA,124,15
9,MQ,IA,538,66
9,MQ,IL,6174,913
9,MQ,IN,493,46
9,MQ,KS,234,9
9,MQ,KY,514,54
9,MQ,LA,247,24
9,MQ,MD,128,25
9,MQ,MI,674,75
9,MQ,MN,112,10
9,MQ,MO,456,40
9,MQ,MS,78,12
9,MQ,NC,155,25
9,MQ,ND,174,20
9,MQ,NE,132,16
9,MQ,NJ,54,12
9,MQ,NM,197,20
9,MQ,NY,1201,219
9,MQ,OH,701,119
9,MQ,OK,379,46
9,MQ,PA,133,22
9,MQ,SC,26,1
9,MQ,SD,62,8
9,MQ,TN,519,78
9,MQ,TX,4928,532
9,MQ,VA,277,46
9,MQ,WI,447,46
9,NK,AZ,54,4
9,NK,CA,801,129
9,NK,CO,320,38
9,NK,FL,1631,336
9,NK,GA,577,223
9,NK,IL,945,233
9,NK,LA,150,16
9,NK,MA,238,57
9,NK,MD,314,75
9,NK,MI,606,116
9,NK,MN,299,65
9,NK,MO,131,22
9,NK,NJ,267,39
9,NK,NV,889,137
9,NK,NY,362,60
9,NK,OH,254,41
9,NK,OR,68,10
9,NK,PA,266,43
9,NK,PR,53,9
9,NK,SC,342,70
9,NK,TX,1295,218
9,NK,VI,15,6
9,NK,WV,3,0
9,OO,AK,41,9
9,OO,AL,91,7
9,OO,AR,225,30
9,OO,AZ,2223,247
9,OO,CA,11348,1628
9,OO,CO,5007,565
9,OO,CT,30,5
9,OO,FL,63,15
9,OO,GA,389,36
9,OO,IA,218,30
9,OO,ID,1160,107
9,OO,IL,3875,592
9,OO,IN,712,85
9,OO,KS,255,25
9,OO,KY,571,92
9,OO,LA,151,23
9,OO,MA,19,2
9,OO,MI,1723,209
9,OO,MN,2700,299
9,OO,MO,330,31
9,OO,MT,1119,64
9,OO,NC,234,25
9,OO,ND,919,81
9,OO,NE,315,35
9,OO,NM,274,19
9,OO,NV,336,53
9,OO,NY,45,7
9,OO,OH,247,31
9,OO,OK,409,45
9,OO,OR,1271,116
9,OO,PA,31,7
9,OO,RI,2,0
9,OO,SC,62,6
9,OO,SD,462,36
9,OO,TN,361,43
9,OO,TX,2481,308
9,OO,UT,3921,290
9,OO,VA,330,49
9,OO,WA,1666,150
9,OO,WI,1209,120
9,OO,WY,448,22
9,UA,AK,80,21
9,UA,AZ,449,37
9,UA,CA,8103,1104
9,UA,CO,4208,544
9,UA,CT,44,4
9,UA,FL,1886,235
9,UA,GA,325,55
9,UA,GU,30,6
9,UA,HI,738,78
9,UA,IA,55,9
9,UA,ID,52,9
9,UA,IL,5604,1013
9,UA,IN,116,13
9,UA,KS,27,5
9,UA,LA,347,18
9,UA,MA,1102,157
9,UA,MD,296,47
9,UA,MI,186,29
9,UA,MN,330,52
9,UA,MO,169,34
9,UA,MT,120,14
9,UA,NC,236,27
9,UA,NE,122,26
9,UA,NJ,3584,598
9,UA,NM,99,10
9,UA,NV,1157,119
9,UA,NY,1259,165
9,UA,OH,580,48
9,UA,OK,132,14
9,UA,OR,511,38
9,UA,PA,632,88
9,UA,PR,122,14
9,UA,RI,30,5
9,UA,SC,1,0
9,UA,TN,97,16
9,UA,TX,5539,737
9,UA,UT,129,22
9,UA,VA,2098,312
9,UA,VI,2,0
9,UA,VT,30,5
9,UA,WA,853,116
9,UA,WI,88,6
9,UA,WY,104,14
9,VX,CA,2694,282
9,VX,FL,89,11
9,VX,IL,140,24
9,VX,MA,143,11
9,VX,NJ,166,8
9,VX,NV,322,42
9,VX,NY,426,37
9,VX,OR,30,0
9,VX,TX,689,73
9,VX,VA,257,29
9,VX,WA,187,37
9,WN,AL,363,35
9,WN,AR,234,25
9,WN,AZ,4915,554
9,WN,CA,17406,2315
9,WN,CO,5032,624
9,WN,CT,465,62
9,WN,FL,6661,891
9,WN,GA,3464,485
9,WN,IA,86,11
9,WN,ID,255,27
9,WN,IL,6970,1112
9,WN,IN,797,68
9,WN,KS,138,15
9,WN,KY,369,43
9,WN,LA,1468,111
9,WN,MA,963,131
9,WN,MD,5579,1075
9,WN,ME,98,14
9,WN,MI,784,97
9,WN,MN,690,82
9,WN,MO,4242,427
9,WN,NC,957,88
9,WN,NE,454,47
9,WN,NH,395,45
9,WN,NJ,501,74
9,WN,NM,959,95
9,WN,NV,6676,873
9,WN,NY,2237,267
9,WN,OH,1662,164
9,WN,OK,904,79
9,WN,OR,1081,102
9,WN,PA,1380,128
9,WN,PR,181,24
9,WN,RI,517,48
9,WN,SC,354,50
9,WN,TN,2658,288
9,WN,TX,13398,1373
9,WN,UT,813,93
9,WN,VA,1767,208
9,WN,WA,1393,227
9,WN,WI,995,106
11,AA,AK,30,5
11,AA,AR,2,0
11,AA,AZ,5032,652
11,AA,CA,6708,783
11,AA,CO,839,140
11,AA,CT,245,14
11,AA,FL,8616,1172
11,AA,GA,925,113
11,AA,HI,476,30
11,AA,IA,115,16
11,AA,ID,64,4
11,AA,IL,4913,909
11,AA,IN,388,41
11,AA,KY,27,6
11,AA,LA,468,52
11,AA,MA,2338,224
11,AA,MD,494,43
11,AA,ME,30,1
11,AA,MI,507,58
11,AA,MN,687,80
11,AA,MO,1095,125
11,AA,NC,8749,896
11,AA,NE,148,12
11,AA,NJ,645,75
11,AA,NM,153,18
11,AA,NV,1373,122
11,AA,NY,3739,440
11,AA,OH,498,52
11,AA,OK,327,38
11,AA,OR,315,40
11,AA,PA,4100,438
11,AA,PR,498,56
11,AA,RI,190,5
11,AA,SC,60,4
11,AA,TN,584,64
11,AA,TX,13725,2693
11,AA,UT,278,33
11,AA,VA,2967,353
11,AA,VI,181,30
11,AA,WA,649,83
11,AA,WI,141,14
11,AS,AK,2291,313
11,AS,AZ,250,26
11,AS,CA,2990,254
11,AS,CO,114,16
11,AS,FL,121,26
11,AS,GA,59,3
11,AS,HI,758,53
11,AS,IL,145,25
11,AS,LA,30,5
11,AS,MA,117,12
11,AS,MD,60,8
11,AS,MI,30,5
11,AS,MN,57,7
11,AS,MO,59,9
11,AS,NC,30,3
11,AS,NJ,60,10
11,AS,NM,30,3
11,AS,NV,351,37
11,AS,NY,30,1
11,AS,OR,1206,79
11,AS,PA,30,6
11,AS,SC,9,1
11,AS,TN,30,7
11,AS,TX,179,34
11,AS,UT,173,8
11,AS,VA,147,20
11,AS,WA,4548,496
11,B6,AZ,57,17
11,B6,CA,1889,343
11,B6,CO,78,16
11,B6,CT,311,42
11,B6,FL,5212,959
11,B6,GA,90,11
11,B6,IL,163,38
11,B6,LA,100,16
11,B6,MA,3316,361
11,B6,MD,184,11
11,B6,ME,89,8
11,B6,MI,116,11
11,B6,NC,335,50
11,B6,NJ,559,120
11,B6,NM,21,7
11,B6,NV,382,98
11,B6,NY,5019,779
11,B6,OH,85,7
11,B6,OR,85,13
11,B6,PA,282,35
11,B6,PR,1020,165
11,B6,RI,90,8
11,B6,SC,172,24
11,B6,TX,297,81
11,B6,UT,119,24
11,B6,VA,1181,131
11,B6,VI,106,18
11,B6,VT,89,6
11,B6,WA,138,39
11,DL,AK,110,16
11,DL,AL,491,40
11,DL,AR,227,13
11,DL,AZ,726,58
11,DL,CA,4923,774
11,DL,CO,655,90
11,DL,CT,395,26
11,DL,FL,6182,548
11,DL,GA,20553,2179
11,DL,HI,362,33
11,DL,IA,85,6
11,DL,ID,51,3
11,DL,IL,879,147
11,DL,IN,388,51
11,DL,KS,88,11
11,DL,KY,904,59
11,DL,LA,747,90
11,DL,MA,1150,104
11,DL,MD,590,47
11,DL,ME,30,3
11,DL,MI,5032,502
11,DL,MN,4771,518
11,DL,MO,1034,90
11,DL,MS,308,22
11,DL,MT,171,4
11,DL,NC,1416,119
11,DL,ND,105,8
11,DL,NE,195,11
11,DL,NH,60,5
11,DL,NJ,449,63
11,DL,NM,143,14
11,DL,NV,1095,94
11,DL,NY,4685,507
11,DL,OH,721,51
11,DL,OK,303,21
11,DL,OR,504,48
11,DL,PA,1033,107
11,DL,PR,256,18
11,DL,RI,165,9
11,DL,SC,691,30
11,DL,SD,110,7
11,DL,TN,1126,92
11,DL,TX,1569,165
11,DL,UT,2892,258
11,DL,VA,1545,143
11,DL,VI,57,5
11,DL,WA,1369,192
11,DL,WI,843,46
11,DL,WV,30,1
11,EV,AL,982,152
11,EV,AR,629,88
11,EV,AZ,14,3
11,EV,CO,30,2
11,EV,CT,69,10
11,EV,FL,938,114
11,EV,GA,5114,915
11,EV,IA,250,33
11,EV,IL,3912,523
11,EV,IN,593,90
11,EV,KS,200,30
11,EV,KY,646,111
11,EV,LA,1864,236
11,EV,MA,202,23
11,EV,MD,65,13
11,EV,ME,173,16
11,EV,MI,2420,303
11,EV,MN,317,55
11,EV,MO,630,95
11,EV,MS,720,88
11,EV,NC,964,171
11,EV,ND,122,20
11,EV,NE,373,42
11,EV,NH,120,22
11,EV,NJ,2885,540
11,EV,NM,88,13
11,EV,NY,2068,396
11,EV,OH,1387,192
11,EV,OK,468,62
11,EV,PA,603,69
11,EV,RI,78,15
11,EV,SC,961,136
11,EV,SD,72,14
11,EV,TN,1270,206
11,EV,TX,8450,1076
11,EV,UT,3,0
11,EV,VA,1163,235
11,EV,VT,108,25
11,EV,WI,695,88
11,EV,WV,143,15
11,F9,AZ,135,31
11,F9,CA,493,111
11,F9,CO,1914,423
11,F9,FL,1140,211
11,F9,GA,422,129
11,F9,IA,30,6
11,F9,IL,478,139
11,F9,IN,90,11
11,F9,KY,150,6
11,F9,LA,60,13
11,F9,MI,79,10
11,F9,MN,110,19
11,F9,MO,119,14
11,F9,MT,30,4
11,F9,NC,133,17
11,F9,ND,13,1
11,F9,NE,17,2
11,F9,NJ,264,37
11,F9,NV,520,85
11,F9,NY,57,19
11,F9,OH,212,33
11,F9,OR,87,11
11,F9,PA,312,87
11,F9,SD,13,3
11,F9,TN,69,14
11,F9,TX,370,91
11,F9,UT,115,18
11,F9,VA,150,30
11,F9,WA,68,16
11,F9,WI,77,10
11,HA,AS,9,2
11,HA,AZ,30,2
11,HA,CA,358,21
11,HA,HI,5433,214
11,HA,NV,73,6
11,HA,NY,26,0
11,HA,OR,30,1
11,HA,WA,60,4
11,MQ,AL,248,33
11,MQ,AR,549,100
11,MQ,CO,169,14
11,MQ,CT,51,7
11,MQ,FL,546,83
11,MQ,GA,23,8
11,MQ,IA,510,65
11,MQ,IL,6235,863
11,MQ,IN,487,55
11,MQ,KS,201,17
11,MQ,KY,519,50
11,MQ,LA,279,18
11,MQ,MD,137,26
11,MQ,MI,563,62
11,MQ,MN,110,14
11,MQ,MO,534,83
11,MQ,MS,83,12
11,MQ,NC,72,6
11,MQ,ND,170,19
11,MQ,NE,125,15
11,MQ,NJ,78,18
11,MQ,NM,180,29
11,MQ,NY,722,120
11,MQ,OH,694,101
11,MQ,OK,265,44
11,MQ,PA,187,28
11,MQ,SC,22,2
11,MQ,SD,111,17
11,MQ,TN,415,58
11,MQ,TX,4472,479
11,MQ,UT,37,7
11,MQ,VA,189,46
11,MQ,WI,417,38
11,NK,AZ,88,32
11,NK,CA,831,185
11,NK,CO,296,60
11,NK,FL,2115,367
11,NK,GA,600,176
11,NK,IL,872,206
11,NK,LA,168,21
11,NK,MA,202,39
11,NK,MD,282,54
11,NK,MI,657,120
11,NK,MN,315,61
11,NK,MO,129,24
11,NK,NJ,277,30
11,NK,NV,861,168
11,NK,NY,373,69
11,NK,OH,247,28
11,NK,OR,40,8
11,NK,PA,224,31
11,NK,PR,43,8
11,NK,SC,209,34
11,NK,TX,1208,267
11,NK,VI,22,5
11,OO,AK,24,6
11,OO,AL,237,41
11,OO,AR,301,54
11,OO,AZ,2133,209
11,OO,CA,9727,1180
11,OO,CO,4466,781
11,OO,CT,46,6
11,OO,FL,64,6
11,OO,GA,483,77
11,OO,IA,255,43
11,OO,ID,1152,121
11,OO,IL,3590,677
11,OO,IN,596,86
11,OO,KS,264,57
11,OO,KY,590,94
11,OO,LA,94,16
11,OO,MA,4,1
11,OO,MI,1781,206
11,OO,MN,3102,440
11,OO,MO,397,52
11,OO,MT,797,58
11,OO,NC,231,32
11,OO,ND,1050,136
11,OO,NE,359,63
11,OO,NM,226,27
11,OO,NV,368,46
11,OO,NY,100,14
11,OO,OH,376,64
11,OO,OK,440,96
11,OO,OR,1212,148
11,OO,PA,51,8
11,OO,RI,6,2
11,OO,SC,62,12
11,OO,SD,431,69
11,OO,TN,503,82
11,OO,TX,3086,559
11,OO,UT,4091,372
11,OO,VA,367,70
11,OO,WA,1847,248
11,OO,WI,1168,176
11,OO,WV,36,9
11,OO,WY,472,45
11,UA,AK,59,8
11,UA,AZ,601,89
11,UA,CA,7795,1165
11,UA,CO,4377,791
11,UA,CT,76,10
11,UA,FL,2772,360
11,UA,GA,323,64
11,UA,GU,30,3
11,UA,HI,763,121
11,UA,IA,53,11
11,UA,ID,47,7
11,UA,IL,5536,1168
11,UA,IN,137,16
11,UA,KS,50,11
11,UA,LA,500,74
11,UA,MA,1050,135
11,UA,MD,286,27
11,UA,MI,146,22
11,UA,MN,286,36
11,UA,MO,119,18
11,UA,MT,125,13
11,UA,NC,236,38
11,UA,NE,83,15
11,UA,NJ,3865,827
11,UA,NM,44,7
11,UA,NV,1021,133
11,UA,NY,829,116
11,UA,OH,600,83
11,UA,OK,103,18
11,UA,OR,521,60
11,UA,PA,595,90
11,UA,PR,182,48
11,UA,RI,4,0
11,UA,SC,1,0
11,UA,SD,4,0
11,UA,TN,109,16
11,UA,TX,5912,1209
11,UA,UT,151,27
11,UA,VA,2102,236
11,UA,VI,16,5
11,UA,VT,32,2
11,UA,WA,719,95
11,UA,WI,77,17
11,UA,WY,3,0
11,VX,CA,2801,412
11,VX,FL,173,19
11,VX,HI,29,1
11,VX,IL,138,32
11,VX,MA,117,7
11,VX,NJ,167,19
11,VX,NV,323,64
11,VX,NY,459,40
11,VX,OR,29,1
11,VX,TX,675,104
11,VX,VA,257,18
11,VX,WA,189,32
11,WN,AL,359,42
11,WN,AR,203,31
11,WN,AZ,5042,968
11,WN,CA,17788,3502
11,WN,CO,4996,961
11,WN,CT,552,55
11,WN,FL,8668,1057
11,WN,GA,3467,602
11,WN,IA,85,7
11,WN,ID,259,36
11,WN,IL,6448,1089
11,WN,IN,981,103
11,WN,KS,138,21
11,WN,KY,338,46
11,WN,LA,1518,164
11,WN,MA,981,160
11,WN,MD,5757,1037
11,WN,ME,88,12
11,WN,MI,852,98
11,WN,MN,610,83
11,WN,MO,4216,646
11,WN,NC,1094,141
11,WN,NE,459,58
11,WN,NH,378,43
11,WN,NJ,474,89
11,WN,NM,947,178
11,WN,NV,6539,1336
11,WN,NY,2300,366
11,WN,OH,1671,161
11,WN,OK,889,158
11,WN,OR,1078,159
11,WN,PA,1585,216
11,WN,PR,322,22
11,WN,RI,531,41
11,WN,SC,351,58
11,WN,TN,2678,385
11,WN,TX,13503,2671
11,WN,UT,765,133
11,WN,VA,1763,251
11,WN,WA,1300,249
11,WN,WI,1102,103
12,AA,AK,30,5
12,AA,AZ,5422,893
12,AA,CA,7072,1193
12,AA,CO,1071,200
12,AA,CT,244,30
12,AA,FL,9466,1831
12,AA,GA,921,112
12,AA,HI,559,69
12,AA,IA,104,16
12,AA,ID,62,7
12,AA,IL,4790,940
12,AA,IN,380,56
12,AA,KY,28,6
12,AA,LA,449,55
12,AA,MA,2168,262
12,AA,MD,532,60
12,AA,ME,29,0
12,AA,MI,539,64
12,AA,MN,614,82
12,AA,MO,1067,129
12,AA,NC,8866,1603
12,AA,NE,135,5
12,AA,NJ,657,122
12,AA,NM,133,16
12,AA,NV,1363,180
12,AA,NY,3812,545
12,AA,OH,453,56
12,AA,OK,305,41
12,AA,OR,319,37
12,AA,PA,4057,719
12,AA,PR,575,98
12,AA,RI,189,16
12,AA,SC,36,3
12,AA,TN,536,62
12,AA,TX,13811,2405
12,AA,UT,380,61
12,AA,VA,2954,471
12,AA,VI,223,36
12,AA,WA,743,104
12,AA,WI,134,16
12,AA,WY,56,18
12,AS,AK,2344,221
12,AS,AZ,245,16
12,AS,CA,3055,326
12,AS,CO,121,15
12,AS,FL,118,21
12,AS,GA,59,13
12,AS,HI,790,58
12,AS,IL,146,24
12,AS,LA,31,2
12,AS,MA,115,14
12,AS,MD,61,8
12,AS,MI,31,3
12,AS,MN,46,8
12,AS,MO,62,14
12,AS,NC,31,5
12,AS,NJ,62,10
12,AS,NM,31,0
12,AS,NV,379,16
12,AS,NY,31,6
12,AS,OR,1233,133
12,AS,PA,31,11
12,AS,SC,17,1
12,AS,TN,30,6
12,AS,TX,199,31
12,AS,UT,182,18
12,AS,VA,155,23
12,AS,WA,4761,577
12,B6,AZ,60,23
12,B6,CA,1932,605
12,B6,CO,85,23
12,B6,CT,341,79
12,B6,FL,6006,1897
12,B6,GA,93,30
12,B6,IL,154,50
12,B6,LA,105,35
12,B6,MA,3419,764
12,B6,MD,206,29
12,B6,ME,79,18
12,B6,MI,118,17
12,B6,NC,321,90
12,B6,NJ,618,214
12,B6,NM,27,12
12,B6,NV,392,149
12,B6,NY,5377,1583
12,B6,OH,85,10
12,B6,OR,91,14
12,B6,PA,287,72
12,B6,PR,1205,388
12,B6,RI,93,26
12,B6,SC,174,49
12,B6,TX,308,83
12,B6,UT,124,50
12,B6,VA,1211,248
12,B6,VI,124,43
12,B6,VT,91,17
12,B6,WA,151,58
12,DL,AK,147,22
12,DL,AL,389,53
12,DL,AR,204,20
12,DL,AZ,760,105
12,DL,CA,4771,1171
12,DL,CO,732,153
12,DL,CT,343,42
12,DL,FL,7108,1160
12,DL,GA,19525,3255
12,DL,HI,449,48
12,DL,IA,52,1
12,DL,ID,57,8
12,DL,IL,747,141
12,DL,IN,412,72
12,DL,KS,85,14
12,DL,KY,811,95
12,DL,LA,689,112
12,DL,MA,1060,181
12,DL,MD,535,77
12,DL,ME,40,5
12,DL,MI,4703,673
12,DL,MN,4723,669
12,DL,MO,867,132
12,DL,MS,231,25
12,DL,MT,174,23
12,DL,NC,1180,170
12,DL,ND,103,15
12,DL,NE,180,21
12,DL,NH,29,2
12,DL,NJ,417,80
12,DL,NM,127,26
12,DL,NV,1066,130
12,DL,NY,5161,994
12,DL,OH,667,95
12,DL,OK,255,20
12,DL,OR,536,80
12,DL,PA,971,176
12,DL,PR,293,35
12,DL,RI,138,18
12,DL,SC,546,59
12,DL,SD,84,9
12,DL,TN,924,104
12,DL,TX,1501,267
12,DL,UT,2909,438
12,DL,VA,1423,205
12,DL,VI,90,18
12,DL,WA,1416,247
12,DL,WI,740,85
12,DL,WV,18,0
12,DL,WY,66,16
12,EV,AL,1076,196
12,EV,AR,634,96
12,EV,AZ,29,8
12,EV,CO,37,7
12,EV,CT,77,16
12,EV,FL,1124,208
12,EV,GA,5920,1283
12,EV,IA,249,38
12,EV,IL,4089,694
12,EV,IN,544,99
12,EV,KS,188,28
12,EV,KY,594,107
12,EV,LA,1822,266
12,EV,MA,150,17
12,EV,MD,59,12
12,EV,ME,194,43
12,EV,MI,2043,319
12,EV,MN,509,120
12,EV,MO,622,129
12,EV,MS,754,107
12,EV,NC,1044,212
12,EV,ND,152,35
12,EV,NE,400,92
12,EV,NH,125,16
12,EV,NJ,2924,634
12,EV,NM,92,15
12,EV,NY,1626,288
12,EV,OH,1278,198
12,EV,OK,493,69
12,EV,PA,504,67
12,EV,RI,109,21
12,EV,SC,920,168
12,EV,SD,95,23
12,EV,TN,1292,230
12,EV,TX,8500,1113
12,EV,VA,1366,291
12,EV,VT,241,45
12,EV,WI,559,91
12,EV,WV,189,30
12,F9,AZ,121,39
12,F9,CA,543,165
12,F9,CO,1984,538
12,F9,FL,1247,257
12,F9,GA,430,117
12,F9,IA,30,6
12,F9,IL,483,127
12,F9,IN,81,10
12,F9,KY,155,24
12,F9,LA,62,18
12,F9,MI,90,13
12,F9,MN,105,28
12,F9,MO,149,25
12,F9,MT,30,7
12,F9,NC,135,30
12,F9,ND,13,1
12,F9,NE,17,5
12,F9,NJ,272,55
12,F9,NV,552,114
12,F9,NY,58,21
12,F9,OH,217,35
12,F9,OR,76,12
12,F9,PA,305,104
12,F9,SD,14,6
12,F9,TN,69,17
12,F9,TX,380,96
12,F9,UT,114,18
12,F9,VA,155,24
12,F9,WA,57,11
12,F9,WI,91,24
12,HA,AS,10,1
12,HA,AZ,31,1
12,HA,CA,391,41
12,HA,HI,5626,218
12,HA,NV,75,5
12,HA,NY,29,4
12,HA,OR,31,3
12,HA,WA,62,9
12,MQ,AL,336,59
12,MQ,AR,638,113
12,MQ,CA,11,6
12,MQ,CO,212,67
12,MQ,CT,37,6
12,MQ,FL,667,89
12,MQ,IA,518,61
12,MQ,IL,6469,942
12,MQ,IN,494,76
12,MQ,KS,222,19
12,MQ,KY,502,70
12,MQ,LA,273,25
12,MQ,MD,139,26
12,MQ,MI,621,79
12,MQ,MN,158,25
12,MQ,MO,602,85
12,MQ,MS,88,16
12,MQ,NC,66,13
12,MQ,ND,207,24
12,MQ,NE,220,37
12,MQ,NJ,123,35
12,MQ,NM,178,20
12,MQ,NY,502,65
12,MQ,OH,604,72
12,MQ,OK,292,47
12,MQ,PA,142,19
12,MQ,SC,28,6
12,MQ,SD,87,9
12,MQ,TN,337,59
12,MQ,TX,4813,669
12,MQ,UT,26,3
12,MQ,VA,104,21
12,MQ,WI,472,46
12,NK,AZ,119,41
12,NK,CA,906,260
12,NK,CO,294,78
12,NK,FL,2484,660
12,NK,GA,595,242
12,NK,IL,853,240
12,NK,LA,181,37
12,NK,MA,184,56
12,NK,MD,268,66
12,NK,MI,721,166
12,NK,MN,337,72
12,NK,MO,91,27
12,NK,NJ,298,33
12,NK,NV,869,239
12,NK,NY,387,97
12,NK,OH,239,63
12,NK,OR,41,16
12,NK,PA,205,43
12,NK,PR,84,40
12,NK,SC,150,33
12,NK,TX,1152,290
12,NK,VI,31,8
12,OO,AK,1,1
12,OO,AL,104,34
12,OO,AR,196,46
12,OO,AZ,2316,367
12,OO,CA,9374,2279
12,OO,CO,5207,1219
12,OO,CT,32,10
12,OO,FL,27,6
12,OO,GA,416,94
12,OO,IA,392,73
12,OO,ID,1189,209
12,OO,IL,3337,837
12,OO,IN,599,101
12,OO,KS,274,53
12,OO,KY,520,111
12,OO,LA,142,37
12,OO,MA,6,0
12,OO,MI,2064,319
12,OO,MN,2913,460
12,OO,MO,391,93
12,OO,MT,883,132
12,OO,NC,216,57
12,OO,ND,919,110
12,OO,NE,295,59
12,OO,NM,200,46
12,OO,NV,380,82
12,OO,NY,149,27
12,OO,OH,301,56
12,OO,OK,391,89
12,OO,OR,1241,236
12,OO,PA,59,11
12,OO,RI,1,0
12,OO,SC,98,14
12,OO,SD,352,64
12,OO,TN,423,85
12,OO,TX,2640,593
12,OO,UT,4245,735
12,OO,VA,341,75
12,OO,WA,2035,446
12,OO,WI,1091,198
12,OO,WV,3,0
12,OO,WY,432,75
12,UA,AK,87,24
12,UA,AZ,563,88
12,UA,CA,7852,1939
12,UA,CO,4629,1157
12,UA,CT,52,9
12,UA,FL,3227,635
12,UA,GA,291,96
12,UA,GU,31,0
12,UA,HI,956,131
12,UA,IA,59,16
12,UA,ID,58,10
12,UA,IL,5129,1381
12,UA,IN,109,26
12,UA,KS,64,10
12,UA,KY,3,1
12,UA,LA,370,63
12,UA,MA,910,231
12,UA,MD,247,32
12,UA,MI,130,29
12,UA,MN,245,51
12,UA,MO,101,22
12,UA,MT,156,36
12,UA,NC,221,46
12,UA,NE,81,18
12,UA,NJ,3996,1090
12,UA,NM,31,5
12,UA,NV,824,146
12,UA,NY,768,137
12,UA,OH,570,90
12,UA,OK,84,16
12,UA,OR,535,113
12,UA,PA,539,122
12,UA,PR,285,89
12,UA,TN,97,17
12,UA,TX,6118,1591
12,UA,UT,172,43
12,UA,VA,2022,315
12,UA,VI,53,8
12,UA,VT,26,4
12,UA,WA,779,158
12,UA,WI,68,10
12,UA,WY,119,36
12,VX,CA,2911,838
12,VX,FL,170,51
12,VX,HI,59,7
12,VX,IL,142,53
12,VX,MA,110,24
12,VX,NJ,174,46
12,VX,NV,408,125
12,VX,NY,489,89
12,VX,OR,30,3
12,VX,TX,551,146
12,VX,VA,249,36
12,VX,WA,197,77
12,WN,AL,361,78
12,WN,AR,206,34
12,WN,AZ,5215,1318
12,WN,CA,18278,5167
12,WN,CO,5148,1370
12,WN,CT,564,96
12,WN,FL,8872,1686
12,WN,GA,3583,936
12,WN,IA,83,14
12,WN,ID,269,64
12,WN,IL,6434,1673
12,WN,IN,1001,165
12,WN,KS,137,24
12,WN,KY,338,65
12,WN,LA,1561,309
12,WN,MA,978,200
12,WN,MD,5869,1580
12,WN,ME,91,18
12,WN,MI,862,146
12,WN,MN,635,125
12,WN,MO,4366,1023
12,WN,NC,1123,263
12,WN,NE,470,102
12,WN,NH,383,65
12,WN,NJ,488,123
12,WN,NM,978,281
12,WN,NV,6812,1930
12,WN,NY,2362,470
12,WN,OH,1717,286
12,WN,OK,914,174
12,WN,OR,1107,307
12,WN,PA,1590,348
12,WN,PR,345,34
12,WN,RI,543,71
12,WN,SC,355,68
12,WN,TN,2757,618
12,WN,TX,13977,3239
12,WN,UT,798,198
12,WN,VA,1790,324
12,WN,WA,1365,352
12,WN,WI,1129,182
